symbol,hgnc_id,num_variants
TTN,HGNC:12403,10948
BRCA2,HGNC:1101,6935
ATM,HGNC:795,5448
APC,HGNC:583,4250
BRCA1,HGNC:1100,3568
MSH6,HGNC:7329,3478
NF1,HGNC:7765,2894
POLE,HGNC:9177,2622
MSH2,HGNC:7325,2479
PALB2,HGNC:26144,2141
BRIP1,HGNC:20473,1878
TSC2,HGNC:12363,1876
SYNE1,HGNC:17089,1840
PMS2,HGNC:9122,1738
PLEC,HGNC:9069,1704
RAD50,HGNC:9816,1644
MLH1,HGNC:7127,1579
RYR1,HGNC:10483,1566
CDH1,HGNC:1748,1542
BARD1,HGNC:952,1538
CHEK2,HGNC:16627,1469
RYR2,HGNC:10484,1454
POLD1,HGNC:9175,1400
MYH7,HGNC:7577,1377
SMARCA4,HGNC:11100,1282
DICER1,HGNC:17098,1248
FBN1,HGNC:3603,1230
NBN,HGNC:7652,1230
NEB,HGNC:7720,1197
RECQL4,HGNC:9949,1158
ALMS1,HGNC:428,1056
DSP,HGNC:3052,1014
DMD,HGNC:2928,980
AXIN2,HGNC:904,952
COL6A3,HGNC:2213,934
MUTYH,HGNC:7527,913
SCN5A,HGNC:10593,906
TP53,HGNC:11998,905
PTCH1,HGNC:9585,896
FBN2,HGNC:3604,882
ALK,HGNC:427,881
PKHD1,HGNC:9016,860
MYBPC3,HGNC:7551,853
USH2A,HGNC:12601,848
CFTR,HGNC:1884,832
RET,HGNC:9967,832
BLM,HGNC:1058,819
FLNC,HGNC:3756,818
TSC1,HGNC:12362,816
MRE11,HGNC:7230,783
DYSF,HGNC:3097,773
WRN,HGNC:12791,758
STK11,HGNC:11389,756
ANK2,HGNC:493,744
PDGFRA,HGNC:8803,726
RAD51C,HGNC:9820,720
MET,HGNC:7029,710
NOTCH1,HGNC:7881,698
SDHA,HGNC:10680,664
COL5A1,HGNC:2209,654
CACNA1A,HGNC:1388,649
BMPR1A,HGNC:1076,632
MYH6,HGNC:7576,628
SYNE2,HGNC:17084,626
KIT,HGNC:6342,610
LAMA2,HGNC:6482,610
DNAH11,HGNC:2942,602
FLNA,HGNC:3754,586
POLG,HGNC:9179,580
CACNA1C,HGNC:1390,572
DNAH5,HGNC:2950,565
PTEN,HGNC:9588,552
CDH23,HGNC:13733,550
RAD51D,HGNC:9823,546
VPS13B,HGNC:2183,545
MYH11,HGNC:7569,538
CNTNAP2,HGNC:13830,536
ADGRV1,HGNC:17416,534
SCN1A,HGNC:10585,534
CASR,HGNC:1514,512
GAA,HGNC:4065,510
COL6A2,HGNC:2212,508
SACS,HGNC:10519,508
PCDH15,HGNC:14674,508
KCNH2,HGNC:6251,508
SCN9A,HGNC:10597,506
MYLK,HGNC:7590,506
KMT2D,HGNC:7133,500
MEN1,HGNC:7010,488
BAP1,HGNC:950,482
APOB,HGNC:603,478
RELN,HGNC:9957,476
CACNA1H,HGNC:1395,476
SPG11,HGNC:11226,472
MYO7A,HGNC:7606,468
DYNC1H1,HGNC:2961,464
DIS3L2,HGNC:28648,460
CDKN2A,HGNC:1787,458
LMNA,HGNC:6636,450
FANCA,HGNC:3582,450
AKAP9,HGNC:379,442
COL5A2,HGNC:2210,436
RBM20,HGNC:27424,434
FANCC,HGNC:3584,422
TERT,HGNC:11730,418
CHD7,HGNC:20626,412
HSPG2,HGNC:5273,412
PCNT,HGNC:16068,410
FBXL4,HGNC:13601,408
NPHP4,HGNC:19104,406
ACTN2,HGNC:164,401
NRXN1,HGNC:8008,400
RYR3,HGNC:10485,400
PKD1,HGNC:9008,394
SLX4,HGNC:23845,392
VHL,HGNC:12687,388
COL6A1,HGNC:2211,388
CAPN3,HGNC:1480,388
SMAD4,HGNC:6770,380
MECP2,HGNC:6990,380
MYPN,HGNC:23246,376
ZNF469,HGNC:23216,370
SETX,HGNC:445,360
SCN2A,HGNC:10588,358
FLCN,HGNC:27310,354
PKP2,HGNC:9024,354
HCN4,HGNC:16882,353
PRX,HGNC:13797,352
DSG2,HGNC:3049,350
RB1,HGNC:9884,350
ASPM,HGNC:19048,342
FH,HGNC:3700,342
LAMA4,HGNC:6484,342
MYO15A,HGNC:7594,336
COL3A1,HGNC:2201,332
SCN10A,HGNC:10582,327
DSC2,HGNC:3036,325
SCN4A,HGNC:10591,323
GRIN2A,HGNC:4585,322
SBF2,HGNC:2135,319
DYNC2H1,HGNC:2962,318
ANO5,HGNC:27337,316
WFS1,HGNC:12762,314
CACNA1S,HGNC:1397,314
AGL,HGNC:321,312
DNAH8,HGNC:2952,308
VCL,HGNC:12665,307
SOS1,HGNC:11187,302
LOXHD1,HGNC:26521,300
MBD5,HGNC:20444,300
KIF1A,HGNC:888,300
ABCB11,HGNC:42,300
COL12A1,HGNC:2188,300
LDB3,HGNC:15710,298
NOTCH2,HGNC:7882,298
SDHB,HGNC:10681,298
SPTAN1,HGNC:11273,296
DES,HGNC:2770,293
SLC37A4,HGNC:4061,292
DST,HGNC:1090,292
DEPDC5,HGNC:18423,290
LYST,HGNC:1968,290
CC2D2A,HGNC:29253,286
KCNT1,HGNC:18865,286
AGRN,HGNC:329,286
POT1,HGNC:17284,284
JUP,HGNC:6207,280
WNK1,HGNC:14540,276
SH3TC2,HGNC:29427,274
LDLR,HGNC:6547,274
ABCC9,HGNC:60,273
IGHMBP2,HGNC:5542,273
ABCC2,HGNC:53,272
ATP7B,HGNC:870,270
KCNQ1,HGNC:6294,268
PLEKHG5,HGNC:29105,265
SCN8A,HGNC:10596,264
WT1,HGNC:12796,262
EHMT1,HGNC:24650,262
ATRX,HGNC:886,258
FASN,HGNC:3594,256
PNKP,HGNC:9154,250
NPC1,HGNC:7897,250
CHRNA4,HGNC:1958,248
FKRP,HGNC:17997,246
CUBN,HGNC:2548,246
MFN2,HGNC:16877,246
DNAH1,HGNC:2940,246
BAG3,HGNC:939,245
CEP290,HGNC:29021,241
ZFYVE26,HGNC:20761,238
AARS,HGNC:20,238
ACADVL,HGNC:92,236
NEXN,HGNC:29557,236
SMCHD1,HGNC:29090,236
PRKAG2,HGNC:9386,235
ABCB4,HGNC:45,234
CBL,HGNC:1541,234
MYOM1,HGNC:7613,234
FANCI,HGNC:25568,234
TECTA,HGNC:11720,233
LRRK2,HGNC:18618,232
RUNX1,HGNC:10471,230
ANK3,HGNC:494,230
KCNQ2,HGNC:6296,230
SCN11A,HGNC:10583,230
LRP2,HGNC:6694,227
TJP2,HGNC:11828,226
CDK4,HGNC:1773,226
POMT2,HGNC:19743,224
NSD1,HGNC:14234,224
GRIN2B,HGNC:4586,222
TGFBR1,HGNC:11772,220
TPM1,HGNC:12010,220
GNE,HGNC:23657,218
OTOF,HGNC:8515,218
PEX1,HGNC:8850,218
FRAS1,HGNC:19185,218
PRDM16,HGNC:14000,218
MYH14,HGNC:23212,216
NPHP3,HGNC:7907,216
ELP1,HGNC:5959,216
TRPV4,HGNC:18083,216
CEBPA,HGNC:1833,212
TNNT2,HGNC:11949,210
POMT1,HGNC:9202,210
SKI,HGNC:10896,210
SZT2,HGNC:29040,209
MLH3,HGNC:7128,208
RAF1,HGNC:9829,208
JAG1,HGNC:6188,208
PCDH19,HGNC:14270,208
CBS,HGNC:1550,206
SLC26A4,HGNC:8818,206
NEBL,HGNC:16932,204
ABCA4,HGNC:34,204
CHD2,HGNC:1917,204
NF2,HGNC:7773,202
HMCN1,HGNC:19194,202
DAG1,HGNC:2666,202
DOCK8,HGNC:19191,202
BRAT1,HGNC:21701,202
GLDC,HGNC:4313,200
POMGNT1,HGNC:19139,198
SMAD3,HGNC:6769,196
PALLD,HGNC:17068,196
KCNQ3,HGNC:6297,193
WDR62,HGNC:24502,192
TRPM4,HGNC:17993,192
CHRNA2,HGNC:1956,192
DNMT1,HGNC:2976,192
FANCM,HGNC:23168,192
FKTN,HGNC:3622,190
EYS,HGNC:21555,190
CPLANE1,HGNC:25801,190
FREM2,HGNC:25396,190
LRBA,HGNC:1742,190
COL1A2,HGNC:2198,188
MKS1,HGNC:7121,188
SUFU,HGNC:16466,188
COL11A2,HGNC:2187,188
WWOX,HGNC:12799,188
CDKN1C,HGNC:1786,184
INF2,HGNC:23791,184
ARSB,HGNC:714,182
ABCC8,HGNC:59,182
COL1A1,HGNC:2197,182
JPH2,HGNC:14202,182
TRDN,HGNC:12261,182
SMPD1,HGNC:11120,180
ITGA7,HGNC:6143,180
VWF,HGNC:12726,180
MYH2,HGNC:7572,180
SLC2A10,HGNC:13444,178
ATP1A2,HGNC:800,178
CLCN1,HGNC:2019,178
TMPO,HGNC:11875,178
NIPBL,HGNC:28862,178
MED12,HGNC:11957,178
CACNB2,HGNC:1402,178
PLOD1,HGNC:9081,178
DCTN1,HGNC:2711,176
TPP1,HGNC:2073,176
TGFBR2,HGNC:11773,174
TMEM43,HGNC:28472,174
CREBBP,HGNC:2348,174
PRICKLE1,HGNC:17019,173
TBC1D24,HGNC:29203,172
SDHC,HGNC:10682,172
TNNI3,HGNC:11947,172
ATP7A,HGNC:869,170
ADAMTS2,HGNC:218,170
GATA2,HGNC:4171,170
RANBP2,HGNC:9848,170
SDHD,HGNC:10683,168
INVS,HGNC:17870,168
PEX6,HGNC:8859,168
PIGO,HGNC:23215,168
PRKDC,HGNC:9413,168
USH1C,HGNC:12597,167
MEFV,HGNC:6998,166
COL4A4,HGNC:2206,166
PAH,HGNC:8582,164
CYP27A1,HGNC:2605,164
NTRK1,HGNC:8031,164
FLNB,HGNC:3755,164
ABCG8,HGNC:13887,162
SYNJ1,HGNC:11503,162
ATP13A2,HGNC:30213,162
SETD2,HGNC:18420,162
ENG,HGNC:3349,162
TRIM32,HGNC:16380,160
SLC22A5,HGNC:10969,160
KIF7,HGNC:30497,160
GLA,HGNC:4296,160
SGCA,HGNC:10805,160
SNTA1,HGNC:11167,160
CDK5RAP2,HGNC:18672,158
EFHC1,HGNC:16406,158
TRAPPC9,HGNC:30832,158
ACTC1,HGNC:143,156
ARID1B,HGNC:18040,156
TMEM127,HGNC:26038,156
GARS,HGNC:4162,156
LRP4,HGNC:6696,156
SPTBN2,HGNC:11276,156
ALDH7A1,HGNC:877,156
JMJD1C,HGNC:12313,156
RTEL1,HGNC:15888,154
CLN3,HGNC:2074,154
DOCK7,HGNC:19190,154
RP1L1,HGNC:15946,153
ZEB2,HGNC:14881,152
CPT2,HGNC:2330,152
XRCC2,HGNC:12829,152
DNM2,HGNC:2974,152
LRSAM1,HGNC:25135,152
CDKN1B,HGNC:1785,152
EVC2,HGNC:19747,150
GPC3,HGNC:4451,150
CRPPA,HGNC:37276,148
DHCR7,HGNC:2860,148
ATP8B1,HGNC:3706,148
GALT,HGNC:4135,146
HSD17B4,HGNC:5213,146
FIG4,HGNC:16873,146
MYH9,HGNC:7579,146
CLN5,HGNC:2076,144
SLC2A1,HGNC:11005,144
KANSL1,HGNC:24565,144
MAP2K2,HGNC:6842,144
LAMB2,HGNC:6487,142
BRAF,HGNC:1097,142
RBP3,HGNC:9921,142
ADSL,HGNC:291,140
CLN6,HGNC:2077,140
PTPN11,HGNC:9644,140
CDKL5,HGNC:11411,140
UBE3A,HGNC:12496,140
CCDC40,HGNC:26090,140
ABCD1,HGNC:61,140
PIGN,HGNC:8967,140
MEGF10,HGNC:29634,140
PYGM,HGNC:9726,138
OTOG,HGNC:8516,138
CTC1,HGNC:26169,138
LAMB3,HGNC:6490,137
MAN2B1,HGNC:6826,136
TGFB3,HGNC:11769,136
BICD2,HGNC:17208,136
CPS1,HGNC:2323,134
IFT140,HGNC:29077,134
QARS,HGNC:9751,134
BUB1B,HGNC:1149,132
EGFR,HGNC:3236,132
MCPH1,HGNC:6954,132
RPGRIP1L,HGNC:29168,132
SPG7,HGNC:11237,132
GAMT,HGNC:4136,132
BTD,HGNC:1122,130
PHOX2B,HGNC:9143,130
RAI1,HGNC:9834,130
NOTCH3,HGNC:7883,130
EVC,HGNC:3497,130
CHRNB2,HGNC:1962,130
MYO3A,HGNC:7601,129
CENPJ,HGNC:17272,128
GCK,HGNC:4195,128
COL4A1,HGNC:2202,128
ACTA2,HGNC:130,128
ACADM,HGNC:89,128
DOK7,HGNC:26594,128
ANKRD11,HGNC:21316,128
SPTA1,HGNC:11272,128
SPTB,HGNC:11274,127
A2ML1,HGNC:23336,127
GALNT12,HGNC:19877,126
GJB2,HGNC:4284,126
PIK3CA,HGNC:8975,126
SLC27A5,HGNC:10999,126
HEXA,HGNC:4878,124
NPHS1,HGNC:7908,124
CSRP3,HGNC:2472,124
IDUA,HGNC:5391,124
CASQ2,HGNC:1513,124
EP300,HGNC:3373,124
MFSD8,HGNC:28486,124
SYNGAP1,HGNC:11497,124
MYLK2,HGNC:16243,122
ARFGEF2,HGNC:15853,122
TH,HGNC:11782,122
HOXB13,HGNC:5112,122
EPCAM,HGNC:11529,122
CTNNA3,HGNC:2511,122
FAT4,HGNC:23109,122
DIAPH1,HGNC:2876,122
OBSL1,HGNC:29092,122
NEXMIF,HGNC:29433,122
EPG5,HGNC:29331,122
EPM2A,HGNC:3413,120
LAMP2,HGNC:6501,120
COL2A1,HGNC:2200,120
NOD2,HGNC:5331,120
NLRP12,HGNC:22938,120
EYA4,HGNC:3522,120
AP5Z1,HGNC:22197,120
COL7A1,HGNC:2214,120
COL4A3,HGNC:2204,120
PIGG,HGNC:25985,120
CACNA2D2,HGNC:1400,118
NLRP3,HGNC:16400,118
GAN,HGNC:4137,118
PLCB1,HGNC:15917,118
LRPPRC,HGNC:15714,118
DNAAF2,HGNC:20188,118
CYP7B1,HGNC:2652,117
ALPL,HGNC:438,116
MPZ,HGNC:7225,116
MYL2,HGNC:7583,116
CDC73,HGNC:16783,116
WHRN,HGNC:16361,116
CLN8,HGNC:2079,116
OPA1,HGNC:8140,116
TXNRD2,HGNC:18155,116
GLI3,HGNC:4319,114
COL11A1,HGNC:2186,114
ARX,HGNC:18060,114
TNPO3,HGNC:17103,114
CTSD,HGNC:2529,114
EHHADH,HGNC:3247,114
ANKRD1,HGNC:15819,113
SPAST,HGNC:11233,112
TG,HGNC:11764,112
SCN1B,HGNC:10586,112
KNL1,HGNC:24054,112
PEX10,HGNC:8851,112
CUL7,HGNC:21024,112
ABCG5,HGNC:13886,112
LPIN2,HGNC:14450,112
KBTBD13,HGNC:37227,112
MORC2,HGNC:23573,111
TNXB,HGNC:11976,110
MYO6,HGNC:7605,110
SGCB,HGNC:10806,110
ALDH5A1,HGNC:408,110
DNAAF1,HGNC:30539,110
GPR179,HGNC:31371,110
CHD8,HGNC:20153,110
DNAAF5,HGNC:26013,110
ATP2A1,HGNC:811,110
CCDC78,HGNC:14153,110
NAGLU,HGNC:7632,108
DTNA,HGNC:3057,108
ALG13,HGNC:30881,108
CEP152,HGNC:29298,108
FANCD2,HGNC:3585,108
BSCL2,HGNC:15832,108
ERCC6,HGNC:3438,108
GLI2,HGNC:4318,108
UNC13D,HGNC:23147,108
SMARCE1,HGNC:11109,108
SLC10A1,HGNC:10905,108
FANCE,HGNC:3586,106
KIF1B,HGNC:16636,106
MUSK,HGNC:7525,106
TCIRG1,HGNC:11647,106
PCSK9,HGNC:20001,106
ABCA3,HGNC:33,104
NKX2-5,HGNC:2488,104
TTC21B,HGNC:25660,104
FREM1,HGNC:23399,104
SCARB2,HGNC:1665,104
NBEAL2,HGNC:31928,104
TRAPPC11,HGNC:25751,104
TCAP,HGNC:11610,102
SLC25A13,HGNC:10983,102
ERCC4,HGNC:3436,102
NPHP1,HGNC:7905,102
RP1,HGNC:10263,102
HUWE1,HGNC:30892,102
RAB3GAP2,HGNC:17168,102
TRIOBP,HGNC:17009,102
PCCB,HGNC:8654,102
SGCG,HGNC:10809,102
TYK2,HGNC:12440,102
VPS13A,HGNC:1908,102
ITGB4,HGNC:6158,102
LARGE1,HGNC:6511,101
PRKG1,HGNC:9414,101
SGCD,HGNC:10807,100
GJB1,HGNC:4283,100
PRRT2,HGNC:30500,100
LAMA3,HGNC:6483,100
SMARCB1,HGNC:11103,100
ALS2,HGNC:443,100
KAT6B,HGNC:17582,99
CHRNE,HGNC:1966,98
GCDH,HGNC:4189,98
SGSH,HGNC:10818,98
NEFL,HGNC:7739,98
ACVRL1,HGNC:175,98
FGD4,HGNC:19125,98
GALC,HGNC:4115,98
RETREG1,HGNC:25964,98
PNPLA6,HGNC:16268,98
LZTR1,HGNC:6742,98
TRIP11,HGNC:12305,96
SDHAF2,HGNC:26034,96
CHAT,HGNC:1912,96
SLC13A5,HGNC:23089,96
UGT1A1,HGNC:12530,96
PLCG2,HGNC:9066,96
IQSEC2,HGNC:29059,94
TRPM1,HGNC:7146,94
BCOR,HGNC:20893,94
CC2D1A,HGNC:30237,94
HCN1,HGNC:4845,94
MED25,HGNC:28845,94
FHL1,HGNC:3702,94
MMACHC,HGNC:24525,94
TGFB2,HGNC:11768,94
LTBP4,HGNC:6717,94
PLCE1,HGNC:17175,94
TNNC1,HGNC:11943,93
MYOT,HGNC:12399,92
MYL3,HGNC:7584,92
PPT1,HGNC:9325,92
MMUT,HGNC:7526,92
WDR35,HGNC:29250,92
SELENON,HGNC:15999,92
MARS,HGNC:6898,92
MYH3,HGNC:7573,92
SRCAP,HGNC:16974,92
ATP1A3,HGNC:801,92
ALPK3,HGNC:17574,92
ACADS,HGNC:90,90
KCNA5,HGNC:6224,90
ALDH18A1,HGNC:9722,90
SERPINA1,HGNC:8941,90
L1CAM,HGNC:6470,90
CNGB1,HGNC:2151,90
KCNMA1,HGNC:6284,90
LAMC3,HGNC:6494,90
SYN1,HGNC:11494,90
KCNJ2,HGNC:6263,90
CHRND,HGNC:1965,90
SLC52A2,HGNC:30224,90
COL18A1,HGNC:2195,90
PTCH2,HGNC:9586,90
PLEKHM2,HGNC:29131,90
SIK1,HGNC:11142,90
FBXO38,HGNC:28844,90
GNPTAB,HGNC:29670,88
HRAS,HGNC:5173,88
STXBP1,HGNC:11444,88
DOLK,HGNC:23406,88
CCDC39,HGNC:25244,88
CRB1,HGNC:2343,88
ARHGEF15,HGNC:15590,88
CIITA,HGNC:7067,88
FANCG,HGNC:3588,88
ATR,HGNC:882,88
RINT1,HGNC:21876,88
CNTN2,HGNC:2172,88
GPD1L,HGNC:28956,86
GLB1,HGNC:4298,86
BBS1,HGNC:966,86
RTTN,HGNC:18654,86
EMD,HGNC:3331,86
TMEM67,HGNC:28396,86
PEX5,HGNC:9719,86
KCNJ11,HGNC:6257,86
MC1R,HGNC:6929,86
NDRG1,HGNC:7679,86
ARMC4,HGNC:25583,86
P3H1,HGNC:19316,86
DUOX2,HGNC:13273,86
IL17RA,HGNC:5985,86
DPYD,HGNC:3012,84
HBB,HGNC:4827,84
SLC10A2,HGNC:10906,84
AIRE,HGNC:360,84
ASL,HGNC:746,84
PROM1,HGNC:9454,84
POMGNT2,HGNC:25902,84
SLC25A22,HGNC:19954,84
TCF4,HGNC:11634,84
OFD1,HGNC:2567,84
DNAI1,HGNC:2954,84
PNKD,HGNC:9153,84
COQ8A,HGNC:16812,84
SOS2,HGNC:11188,84
CAV3,HGNC:1529,82
FGFR3,HGNC:3690,82
HNF1B,HGNC:11630,82
TMC1,HGNC:16513,82
IFT122,HGNC:13556,82
NHLRC1,HGNC:21576,82
AP4B1,HGNC:572,82
COL9A1,HGNC:2217,82
SCN3A,HGNC:10590,82
LGI1,HGNC:6572,82
HERC2,HGNC:4868,82
PNPLA2,HGNC:30802,82
ROGDI,HGNC:29478,82
PIGQ,HGNC:14135,82
BBS10,HGNC:26291,80
TGM1,HGNC:11777,80
GATA4,HGNC:4173,80
CARD14,HGNC:16446,80
F5,HGNC:3542,80
BBS12,HGNC:26648,80
PTPRC,HGNC:9666,80
CDHR1,HGNC:14550,80
TRMU,HGNC:25481,80
ATP6V0A2,HGNC:18481,80
KCNJ10,HGNC:6256,80
VPS33B,HGNC:12712,80
YARS,HGNC:12840,80
HNRNPU,HGNC:5048,80
SPTLC2,HGNC:11278,80
FYCO1,HGNC:14673,80
ARSA,HGNC:713,78
ASS1,HGNC:758,78
LIAS,HGNC:16429,78
PCARE,HGNC:34383,78
AFF2,HGNC:3776,78
WDR19,HGNC:18340,78
ABRAXAS1,HGNC:25829,78
NHS,HGNC:7820,78
TSEN54,HGNC:27561,78
MYH8,HGNC:7578,78
GABRG2,HGNC:4087,78
MAN1B1,HGNC:6823,78
CARD11,HGNC:16393,78
IFIH1,HGNC:18873,78
SI,HGNC:10856,78
SGCE,HGNC:10808,78
DNAI2,HGNC:18744,78
DYRK1A,HGNC:3091,78
SMAD6,HGNC:6772,78
CCDC114,HGNC:26560,78
ACE,HGNC:2707,78
PLA2G6,HGNC:9039,76
CASK,HGNC:1497,76
HNF1A,HGNC:11621,76
SPRED1,HGNC:20249,76
FOXG1,HGNC:3811,76
RPGRIP1,HGNC:13436,76
DNAJB6,HGNC:14888,76
AARS2,HGNC:21022,76
ITPR1,HGNC:6180,76
LIG4,HGNC:6601,76
AFG3L2,HGNC:315,76
OTOGL,HGNC:26901,76
CPA6,HGNC:17245,75
SLC52A3,HGNC:16187,74
KIF5A,HGNC:6323,74
KCND3,HGNC:6239,74
BCKDHB,HGNC:987,74
GDAP1,HGNC:15968,74
LRP5,HGNC:6697,74
MTMR2,HGNC:7450,74
COL9A3,HGNC:2219,74
FAH,HGNC:3579,74
CACNA2D1,HGNC:1399,74
MAGEL2,HGNC:6814,74
CNGB3,HGNC:2153,74
PRICKLE2,HGNC:20340,74
CACNB4,HGNC:1404,74
PNPO,HGNC:30260,74
CNTN1,HGNC:2171,74
NGLY1,HGNC:17646,74
COL17A1,HGNC:2194,74
SPAG1,HGNC:11212,74
DNAAF3,HGNC:30492,74
PSTPIP1,HGNC:9580,74
COL4A2,HGNC:2203,74
STIM1,HGNC:11386,74
MCCC2,HGNC:6937,72
AHI1,HGNC:21575,72
PC,HGNC:8636,72
BBS2,HGNC:967,72
ATL1,HGNC:11231,72
MCCC1,HGNC:6936,72
LTBP2,HGNC:6715,72
XPC,HGNC:12816,72
NEK1,HGNC:7744,72
RNF213,HGNC:14539,72
SLC6A8,HGNC:11055,72
ABCA12,HGNC:14637,72
FANCB,HGNC:3583,72
ITGB2,HGNC:6155,72
GPBAR1,HGNC:19680,72
SLC26A2,HGNC:10994,70
MYO1A,HGNC:7595,70
TTR,HGNC:12405,70
GLRA1,HGNC:4326,70
ACTA1,HGNC:129,70
AKT1,HGNC:391,70
BIN1,HGNC:1052,70
STIL,HGNC:10879,70
ROR2,HGNC:10257,70
SLC9A6,HGNC:11079,70
AP3B1,HGNC:566,70
CACNA1D,HGNC:1391,70
ABAT,HGNC:23,70
PEX13,HGNC:8855,70
SHANK3,HGNC:14294,70
KLHL40,HGNC:30372,70
RAPSN,HGNC:9863,70
ANK1,HGNC:492,70
PRF1,HGNC:9360,70
CYP11B1,HGNC:2591,69
ROBO3,HGNC:13433,69
PEX12,HGNC:8854,68
COL4A5,HGNC:2207,68
PDLIM3,HGNC:20767,68
MAP2K1,HGNC:6840,68
HCFC1,HGNC:4839,68
SLC12A6,HGNC:10914,68
SALL1,HGNC:10524,68
GATM,HGNC:4175,68
HLCS,HGNC:4976,68
SLC19A3,HGNC:16266,68
ELN,HGNC:3327,68
MEGF8,HGNC:3233,68
SLC6A1,HGNC:11042,68
ADAR,HGNC:225,68
ELANE,HGNC:3309,68
SUN1,HGNC:18587,68
IGF1R,HGNC:5465,66
GABRB3,HGNC:4083,66
ALDOB,HGNC:417,66
CP,HGNC:2295,66
GRIN1,HGNC:4584,66
LMNB2,HGNC:6638,66
SRPX2,HGNC:30668,66
FANCF,HGNC:3587,66
SLC5A7,HGNC:14025,66
GSDME,HGNC:2810,66
PKD2,HGNC:9009,66
EGR2,HGNC:3239,66
HARS,HGNC:4816,66
SPATA5,HGNC:18119,66
SPINK5,HGNC:15464,66
FARS2,HGNC:21062,66
CHRNA1,HGNC:1955,66
FOXN1,HGNC:12765,66
PRDM8,HGNC:13993,66
B3GALNT2,HGNC:28596,64
GALNS,HGNC:4122,64
FTCD,HGNC:3974,64
KCNH5,HGNC:6254,64
ARHGEF9,HGNC:14561,64
SETBP1,HGNC:15573,64
MAX,HGNC:6913,64
HADHA,HGNC:4801,64
COL9A2,HGNC:2218,64
SQSTM1,HGNC:11280,64
CCDC88C,HGNC:19967,64
INSR,HGNC:6091,64
SPTLC1,HGNC:11277,64
CR2,HGNC:2336,64
EFEMP2,HGNC:3219,64
MYO5B,HGNC:7603,64
KCNB1,HGNC:6231,64
DRC1,HGNC:24245,64
KCNC1,HGNC:6233,64
NLGN4X,HGNC:14287,63
HEXB,HGNC:4879,62
ELAC2,HGNC:14198,62
DNMT3B,HGNC:2979,62
KCNE1,HGNC:6240,62
FGFR1,HGNC:3688,62
PIEZO1,HGNC:28993,62
SLC12A3,HGNC:10912,62
AMPD1,HGNC:468,62
PDE6B,HGNC:8786,62
ALG6,HGNC:23157,62
GRN,HGNC:4601,62
PDE6A,HGNC:8785,62
VLDLR,HGNC:12698,62
JAK3,HGNC:6193,62
SMARCAL1,HGNC:11102,62
TECPR2,HGNC:19957,62
PRKAR1A,HGNC:9388,62
GATA6,HGNC:4174,62
CNGA3,HGNC:2150,61
PEX26,HGNC:22965,60
MTHFR,HGNC:7436,60
AMT,HGNC:473,60
ILK,HGNC:6040,60
RAG1,HGNC:9831,60
CYP7A1,HGNC:2651,60
GUCY2D,HGNC:4689,60
DBT,HGNC:2698,60
FGD1,HGNC:3663,60
PEX14,HGNC:8856,60
PDE6C,HGNC:8787,60
KCNJ5,HGNC:6266,60
SMC1A,HGNC:11111,60
LAMC2,HGNC:6493,60
GABRA1,HGNC:4075,60
KCTD7,HGNC:21957,60
HSD3B7,HGNC:18324,60
CACNA1G,HGNC:1394,60
ARID1A,HGNC:11110,60
HSPB1,HGNC:5246,60
LITAF,HGNC:16841,60
CHRNB1,HGNC:1961,60
ADCY5,HGNC:236,60
DOCK2,HGNC:2988,60
BMPR2,HGNC:1078,58
EDA,HGNC:3157,58
F11,HGNC:3529,58
PHKB,HGNC:8927,58
VRK1,HGNC:12718,58
MYOZ2,HGNC:1330,58
GNPTG,HGNC:23026,58
SIL1,HGNC:24624,58
DCLRE1C,HGNC:17642,58
ACTG1,HGNC:144,58
GLIS3,HGNC:28510,58
TTC7A,HGNC:19750,58
VIPAS39,HGNC:20347,58
MOGS,HGNC:24862,58
SLC29A3,HGNC:23096,58
LIPA,HGNC:6617,58
ANKRD26,HGNC:29186,58
TUBGCP6,HGNC:18127,58
RASA1,HGNC:9871,58
CARS2,HGNC:25695,58
GMPPB,HGNC:22932,58
LMOD3,HGNC:6649,58
AUTS2,HGNC:14262,58
FRRS1L,HGNC:1362,58
SHOC2,HGNC:15454,56
FHL2,HGNC:3703,56
BCKDHA,HGNC:986,56
MAGI2,HGNC:18957,56
ZNF335,HGNC:15807,56
ASXL1,HGNC:18318,56
D2HGDH,HGNC:28358,56
ILDR1,HGNC:28741,56
MARVELD2,HGNC:26401,56
STRC,HGNC:16035,56
WNT10A,HGNC:13829,56
BAAT,HGNC:932,56
COLQ,HGNC:2226,56
HGSNAT,HGNC:26527,56
WASHC5,HGNC:28984,56
PIGA,HGNC:8957,56
ATL3,HGNC:24526,56
RBFOX1,HGNC:18222,56
ALG2,HGNC:23159,56
STRADA,HGNC:30172,56
SLC12A5,HGNC:13818,56
SHOX,HGNC:10853,55
SCN4B,HGNC:10592,55
CPT1A,HGNC:2328,54
RARS2,HGNC:21406,54
CRYAB,HGNC:2389,54
TMPRSS3,HGNC:11877,54
TWNK,HGNC:1160,54
KDM5C,HGNC:11114,54
IMPG2,HGNC:18362,54
COG1,HGNC:6545,54
CACNA2D4,HGNC:20202,54
TNFRSF1A,HGNC:11916,54
PRKCG,HGNC:9402,54
AP4E1,HGNC:573,54
PROS1,HGNC:9456,54
NPHS2,HGNC:13394,54
OCA2,HGNC:8101,54
PCCA,HGNC:8653,54
GOSR2,HGNC:4431,54
TGM6,HGNC:16255,54
FOXRED1,HGNC:26927,54
FANCL,HGNC:20748,54
PIEZO2,HGNC:26270,54
CHKB,HGNC:1938,54
MTOR,HGNC:3942,54
CEP57,HGNC:30794,54
KCNA1,HGNC:6218,54
HPS5,HGNC:17022,54
RAG2,HGNC:9832,52
PMM2,HGNC:9115,52
SMARCA2,HGNC:11098,52
ETFDH,HGNC:3483,52
MERTK,HGNC:7027,52
TOPORS,HGNC:21653,52
CDH3,HGNC:1762,52
KAT6A,HGNC:13013,52
KCNQ4,HGNC:6298,52
RSPH4A,HGNC:21558,52
ARHGAP31,HGNC:29216,52
GBE1,HGNC:4180,52
SALL4,HGNC:15924,52
PEX7,HGNC:8860,52
RIN2,HGNC:18750,52
TCOF1,HGNC:11654,52
PEX16,HGNC:8857,52
STXBP2,HGNC:11445,52
ADAMTSL4,HGNC:19706,52
ANO10,HGNC:25519,52
ADAMTS17,HGNC:17109,52
DSG4,HGNC:21307,52
GALK1,HGNC:4118,50
HNF4A,HGNC:5024,50
NDUFV1,HGNC:7716,50
AP4M1,HGNC:574,50
TICAM1,HGNC:18348,50
TAZ,HGNC:11577,50
ATP6V1B1,HGNC:853,50
USH1G,HGNC:16356,50
SLC7A7,HGNC:11065,50
SLC12A1,HGNC:10910,50
PEX2,HGNC:9717,50
GALE,HGNC:4116,50
COG7,HGNC:18622,50
NSUN2,HGNC:25994,50
ADGRG1,HGNC:4512,50
PROC,HGNC:9451,50
EYA1,HGNC:3519,50
SLC5A2,HGNC:11037,50
HPS1,HGNC:5163,50
CDON,HGNC:17104,50
BBS9,HGNC:30000,50
SNRNP200,HGNC:30859,50
PIGV,HGNC:26031,50
AGXT,HGNC:341,50
REEP1,HGNC:25786,50
ACAD9,HGNC:21497,50
TFG,HGNC:11758,50
THRB,HGNC:11799,50
XDH,HGNC:12805,50
SERPINI1,HGNC:8943,50
ARG1,HGNC:663,50
TMC6,HGNC:18021,50
ADA2,HGNC:1839,50
SLC25A46,HGNC:25198,50
DCDC2,HGNC:18141,50
ABCC6,HGNC:57,49
MED13L,HGNC:22962,48
PMP22,HGNC:9118,48
CDH15,HGNC:1754,48
SLC16A2,HGNC:10923,48
WDPCP,HGNC:28027,48
SPART,HGNC:18514,48
DGUOK,HGNC:2858,48
LIFR,HGNC:6597,48
BRWD3,HGNC:17342,48
SERPINH1,HGNC:1546,48
POR,HGNC:9208,48
INPP5E,HGNC:21474,48
HPS4,HGNC:15844,48
ACAN,HGNC:319,48
SLC3A1,HGNC:11025,48
PREPL,HGNC:30228,48
DCHS1,HGNC:13681,48
EIF2AK3,HGNC:3255,48
CTNS,HGNC:2518,48
CASP10,HGNC:1500,48
HR,HGNC:5172,48
TNFRSF13B,HGNC:18153,48
IL12RB1,HGNC:5971,48
MLYCD,HGNC:7150,48
DNM1,HGNC:2972,48
NPRL3,HGNC:14124,48
ERCC8,HGNC:3439,46
BEST1,HGNC:12703,46
NR2E3,HGNC:7974,46
PRSS1,HGNC:9475,46
ERCC5,HGNC:3437,46
TFR2,HGNC:11762,46
PLN,HGNC:9080,46
NPR2,HGNC:7944,46
OTC,HGNC:8512,46
IVD,HGNC:6186,46
COG5,HGNC:14857,46
FA2H,HGNC:21197,46
RAB3GAP1,HGNC:17063,46
DEAF1,HGNC:14677,46
GABRB2,HGNC:4082,46
SLC17A8,HGNC:20151,46
B3GALT6,HGNC:17978,46
LAMA1,HGNC:6481,46
LAMB1,HGNC:6486,46
SHANK2,HGNC:14295,46
HSPB8,HGNC:30171,46
GABRD,HGNC:4084,46
GBA2,HGNC:18986,46
B4GAT1,HGNC:15685,46
NGF,HGNC:7808,46
TBX5,HGNC:11604,46
TBX1,HGNC:11592,46
CRTAP,HGNC:2379,46
MMAA,HGNC:18871,46
VCP,HGNC:12666,46
FLVCR1,HGNC:24682,46
SH3BP2,HGNC:10825,46
NLRC4,HGNC:16412,46
RSPH3,HGNC:21054,46
PIK3AP1,HGNC:30034,46
ADA,HGNC:186,44
RBBP8,HGNC:9891,44
GPHN,HGNC:15465,44
TAP1,HGNC:43,44
FGFR2,HGNC:3689,44
ALOX12B,HGNC:430,44
GPSM2,HGNC:29501,44
SLC34A3,HGNC:20305,44
KL,HGNC:6344,44
SHROOM4,HGNC:29215,44
ALG12,HGNC:19358,44
MVK,HGNC:7530,44
USP9X,HGNC:12632,44
LINS1,HGNC:30922,44
FOXC1,HGNC:3800,44
CALR3,HGNC:20407,44
AKR1D1,HGNC:388,44
MTRR,HGNC:7473,44
IFT80,HGNC:29262,44
FOXH1,HGNC:3814,44
ZNF423,HGNC:16762,44
ST3GAL3,HGNC:10866,44
SUCLG1,HGNC:11449,44
CUL4B,HGNC:2555,44
WDR45,HGNC:28912,44
PANK2,HGNC:15894,44
KARS,HGNC:6215,44
TSPEAR,HGNC:1268,44
DNAJB2,HGNC:5228,44
CTRC,HGNC:2523,44
C2CD3,HGNC:24564,44
CARD9,HGNC:16391,44
CDAN1,HGNC:1713,44
MESP2,HGNC:29659,44
TCN2,HGNC:11653,44
RERE,HGNC:9965,44
HNRNPDL,HGNC:5037,44
CSPP1,HGNC:26193,44
ITPA,HGNC:6176,44
TRIM2,HGNC:15974,44
KCNA2,HGNC:6220,44
SNX27,HGNC:20073,44
PEX11B,HGNC:8853,44
HOGA1,HGNC:25155,42
MTR,HGNC:7468,42
IL7R,HGNC:6024,42
LRTOMT,HGNC:25033,42
NCF2,HGNC:7661,42
BCORL1,HGNC:25657,42
OPHN1,HGNC:8148,42
AIPL1,HGNC:359,42
COG4,HGNC:18620,42
VPS35,HGNC:13487,42
KLF11,HGNC:11811,42
PRSS12,HGNC:9477,42
MEF2C,HGNC:6996,42
VCAN,HGNC:2464,42
CACNA1F,HGNC:1393,42
SH3PXD2B,HGNC:29242,42
FOLR1,HGNC:3791,42
MMAB,HGNC:19331,42
FMN2,HGNC:14074,42
SKIV2L,HGNC:10898,42
RSPH1,HGNC:12371,42
LEPR,HGNC:6554,42
LRRC6,HGNC:16725,42
IGFALS,HGNC:5468,42
CENPF,HGNC:1857,42
SATB2,HGNC:21637,42
DNAAF4,HGNC:21493,42
KIF1C,HGNC:6317,42
PINK1,HGNC:14581,40
MLC1,HGNC:17082,40
ABCA1,HGNC:29,40
EPB42,HGNC:3381,40
PYGL,HGNC:9725,40
DKC1,HGNC:2890,40
SCN2B,HGNC:10589,40
SLC4A1,HGNC:11027,40
ACAT1,HGNC:93,40
TULP1,HGNC:12423,40
SEMA4A,HGNC:10729,40
ALG8,HGNC:23161,40
NRXN2,HGNC:8009,40
ZNF407,HGNC:19904,40
ERCC2,HGNC:3434,40
KDM6A,HGNC:12637,40
TSEN2,HGNC:28422,40
ESCO2,HGNC:27230,40
SMC3,HGNC:2468,40
NDE1,HGNC:17619,40
GNPAT,HGNC:4416,40
TTC37,HGNC:23639,40
TCTN2,HGNC:25774,40
CHST14,HGNC:24464,40
FKBP10,HGNC:18169,40
NME8,HGNC:16473,40
TDP1,HGNC:18884,40
POLR3A,HGNC:30074,40
DLD,HGNC:2898,40
BCS1L,HGNC:1020,40
G6PC,HGNC:4056,40
KANK1,HGNC:19309,40
CCDC151,HGNC:28303,40
ADNP,HGNC:15766,40
MAT1A,HGNC:6903,40
SAMHD1,HGNC:15925,40
CHIT1,HGNC:1936,40
IRF6,HGNC:6121,40
SP110,HGNC:5401,40
HGD,HGNC:4892,40
ITK,HGNC:6171,40
PRKN,HGNC:8607,40
KRIT1,HGNC:1573,40
DBH,HGNC:2689,40
TTBK2,HGNC:19141,40
ANKS6,HGNC:26724,40
CLCN4,HGNC:2022,40
FLRT1,HGNC:3760,40
GABBR2,HGNC:4507,40
POGZ,HGNC:18801,39
TPO,HGNC:12015,39
SHH,HGNC:10848,38
BCHE,HGNC:983,38
PDHX,HGNC:21350,38
RXYLT1,HGNC:13530,38
ACO2,HGNC:118,38
BBS4,HGNC:969,38
SLC25A12,HGNC:10982,38
BBS7,HGNC:18758,38
AGPAT2,HGNC:325,38
CEP63,HGNC:25815,38
EZH2,HGNC:3527,38
MPL,HGNC:7217,38
SCNN1A,HGNC:10599,38
SOX9,HGNC:11204,38
GATAD1,HGNC:29941,38
OTOA,HGNC:16378,38
CLPB,HGNC:30664,38
ST3GAL5,HGNC:10872,38
FOXP1,HGNC:3823,38
NEK8,HGNC:13387,38
OPA3,HGNC:8142,38
TYMP,HGNC:3148,38
LBR,HGNC:6518,38
SEMA3E,HGNC:10727,38
ADAMTSL2,HGNC:14631,38
ARL13B,HGNC:25419,38
CCDC65,HGNC:29937,38
SBF1,HGNC:10542,38
TOR1AIP1,HGNC:29456,38
ANO3,HGNC:14004,38
SPEG,HGNC:16901,38
LEMD3,HGNC:28887,38
PEX19,HGNC:9713,38
FERMT3,HGNC:23151,38
CCT5,HGNC:1618,38
MATR3,HGNC:6912,38
KIF21A,HGNC:19349,38
PNP,HGNC:7892,38
SLC39A13,HGNC:20859,38
TMC8,HGNC:20474,38
CSF2RA,HGNC:2435,38
RECQL,HGNC:9948,38
NRAS,HGNC:7989,37
XPA,HGNC:12814,36
ESPN,HGNC:13281,36
ACAD8,HGNC:87,36
GCH1,HGNC:4193,36
RDX,HGNC:9944,36
HADHB,HGNC:4803,36
GRIA3,HGNC:4573,36
GBA,HGNC:4177,36
RFT1,HGNC:30220,36
LPIN1,HGNC:13345,36
TRPM6,HGNC:17995,36
TREX1,HGNC:12269,36
CDT1,HGNC:24576,36
RPS6KA3,HGNC:10432,36
PAX3,HGNC:8617,36
RIMS1,HGNC:17282,36
GRXCR1,HGNC:31673,36
PTCHD1,HGNC:26392,36
DPM1,HGNC:3005,36
GFAP,HGNC:4235,36
SLC24A1,HGNC:10975,36
ATP6AP2,HGNC:18305,36
CHRNG,HGNC:1967,36
GRIP1,HGNC:18708,36
HMGCS2,HGNC:5008,36
NIN,HGNC:14906,36
DISP1,HGNC:19711,36
COG6,HGNC:18621,36
CSF1R,HGNC:2433,36
PRPF8,HGNC:17340,36
SLCO1B3,HGNC:10961,36
NR1H4,HGNC:7967,36
CTSF,HGNC:2531,36
MCOLN1,HGNC:13356,36
PKP1,HGNC:9023,36
ZAP70,HGNC:12858,36
AMACR,HGNC:451,36
MCM4,HGNC:6947,36
RNASEH2A,HGNC:18518,36
ACD,HGNC:25070,36
COQ4,HGNC:19693,36
TPP2,HGNC:12016,36
CERS1,HGNC:14253,36
PSEN1,HGNC:9508,35
PLP1,HGNC:9086,34
ACSF3,HGNC:27288,34
CYP4V2,HGNC:23198,34
COMP,HGNC:2227,34
AIP,HGNC:358,34
PDZD7,HGNC:26257,34
CTF1,HGNC:2499,34
PTH1R,HGNC:9608,34
C3,HGNC:1318,34
MTM1,HGNC:7448,34
MID1,HGNC:7095,34
SLC25A19,HGNC:14409,34
CEP135,HGNC:29086,34
ORC1,HGNC:8487,34
ZNF711,HGNC:13128,34
CTLA4,HGNC:2505,34
POU4F3,HGNC:9220,34
MPI,HGNC:7216,34
MIB1,HGNC:21086,34
PURA,HGNC:9701,34
AMPD3,HGNC:470,34
SDCCAG8,HGNC:10671,34
RPE65,HGNC:10294,34
SLC1A3,HGNC:10941,34
FASTKD2,HGNC:29160,34
GFPT1,HGNC:4241,34
SUCLA2,HGNC:11448,34
GRHPR,HGNC:4570,34
L2HGDH,HGNC:20499,34
AHDC1,HGNC:25230,34
LIMS2,HGNC:16084,34
WASHC4,HGNC:29174,34
ADAMTS13,HGNC:1366,34
UPB1,HGNC:16297,34
MITF,HGNC:7105,34
ZBTB24,HGNC:21143,34
IL10RA,HGNC:5964,34
DMP1,HGNC:2932,34
BMP1,HGNC:1067,34
LCT,HGNC:6530,34
HPS3,HGNC:15597,34
SLC4A4,HGNC:11030,34
TDRD7,HGNC:30831,34
PSAP,HGNC:9498,34
CATSPER1,HGNC:17116,34
CTSC,HGNC:2528,34
ITGA2B,HGNC:6138,34
TINF2,HGNC:11824,34
NCF4,HGNC:7662,34
STAT3,HGNC:11364,34
PIK3CD,HGNC:8977,34
IFT172,HGNC:30391,34
KMT2B,HGNC:15840,34
ATP2B3,HGNC:816,34
UBA1,HGNC:12469,34
AR,HGNC:644,34
CAD,HGNC:1424,34
RBCK1,HGNC:15864,34
CSF3R,HGNC:2439,34
TRIO,HGNC:12303,34
PTS,HGNC:9689,34
SCP2,HGNC:10606,34
MTO1,HGNC:19261,33
CHST3,HGNC:1971,32
TNFRSF11A,HGNC:11908,32
RFX5,HGNC:9986,32
PSEN2,HGNC:9509,32
CLCN2,HGNC:2020,32
APP,HGNC:620,32
OCRL,HGNC:8108,32
PHKA1,HGNC:8925,32
BCKDK,HGNC:16902,32
PRPF31,HGNC:15446,32
FAM161A,HGNC:25808,32
PEX3,HGNC:8858,32
EXT2,HGNC:3513,32
POMK,HGNC:26267,32
AIFM1,HGNC:8768,32
CERKL,HGNC:21699,32
CSTB,HGNC:2482,32
TMEM216,HGNC:25018,32
TNNT1,HGNC:11948,32
STRA6,HGNC:30650,32
CNGA1,HGNC:2148,32
IQCB1,HGNC:28949,32
PGM1,HGNC:8905,32
DNAJC5,HGNC:16235,32
ZFYVE27,HGNC:26559,32
ASXL3,HGNC:29357,32
EARS2,HGNC:29419,32
PRKCD,HGNC:9399,32
ASAH1,HGNC:735,32
DDR2,HGNC:2731,32
MANBA,HGNC:6831,32
GORAB,HGNC:25676,32
ABCD4,HGNC:68,32
EIF2B5,HGNC:3261,32
SLC6A20,HGNC:30927,32
PEPD,HGNC:8840,32
SLC5A1,HGNC:11036,32
EEF1A2,HGNC:3192,32
IRF7,HGNC:6122,32
RRAS,HGNC:10447,32
SLC17A5,HGNC:10933,31
PHEX,HGNC:8918,31
NUBPL,HGNC:20278,30
CBLIF,HGNC:4268,30
PHGDH,HGNC:8923,30
WNK4,HGNC:14544,30
GYS2,HGNC:4707,30
DHODH,HGNC:2867,30
GJA5,HGNC:4279,30
MPV17,HGNC:7224,30
KRAS,HGNC:6407,30
PIK3R1,HGNC:8979,30
KCNJ1,HGNC:6255,30
UMOD,HGNC:12559,30
KCNE2,HGNC:6242,30
IFNGR1,HGNC:5439,30
FOXP3,HGNC:6106,30
SOBP,HGNC:29256,30
TBX20,HGNC:11598,30
KCNV2,HGNC:19698,30
KCNJ8,HGNC:6269,30
TUBB3,HGNC:20772,30
TP63,HGNC:15979,30
MAPT,HGNC:6893,30
ESRRB,HGNC:3473,30
GIPC3,HGNC:18183,30
PHYH,HGNC:8940,30
TTC8,HGNC:20087,30
KCNE3,HGNC:6243,30
PDGFRB,HGNC:8804,30
CANT1,HGNC:19721,30
PACS1,HGNC:30032,30
C12orf57,HGNC:29521,30
GFM1,HGNC:13780,30
AGK,HGNC:21869,30
AUH,HGNC:890,30
POLG2,HGNC:9180,30
SARS2,HGNC:17697,30
SLC4A11,HGNC:16438,30
DDC,HGNC:2719,30
ALG3,HGNC:23056,30
NPPA,HGNC:7939,30
DDHD1,HGNC:19714,30
TBL1XR1,HGNC:29529,30
EDAR,HGNC:2895,30
ACTB,HGNC:132,30
HDAC4,HGNC:14063,30
RAD21,HGNC:9811,30
SLC26A5,HGNC:9359,30
SLC6A3,HGNC:11049,30
ALDH4A1,HGNC:406,30
CFH,HGNC:4883,30
PSMB8,HGNC:9545,30
HEPACAM,HGNC:26361,30
SLC6A5,HGNC:11051,30
CYP4F22,HGNC:26820,30
ADAMTS10,HGNC:13201,30
CTSA,HGNC:9251,30
TAF1,HGNC:11535,30
DHTKD1,HGNC:23537,30
LAS1L,HGNC:25726,30
CCNO,HGNC:18576,30
GNAO1,HGNC:4389,30
ADAM17,HGNC:195,30
IL17RC,HGNC:18358,30
PRDM12,HGNC:13997,30
STAC3,HGNC:28423,30
KRT9,HGNC:6447,28
LDLRAP1,HGNC:18640,28
GHR,HGNC:4263,28
AGTR2,HGNC:338,28
HMGCL,HGNC:5005,28
POMC,HGNC:9201,28
VSX2,HGNC:1975,28
GJA1,HGNC:4274,28
G6PC3,HGNC:24861,28
FUS,HGNC:4010,28
BSND,HGNC:16512,28
GUSB,HGNC:4696,28
CCDC22,HGNC:28909,28
FOXP2,HGNC:13875,28
MKKS,HGNC:7108,28
SETD5,HGNC:25566,28
BLK,HGNC:1057,28
GNAS,HGNC:4392,28
TUBB2B,HGNC:30829,28
KMT2A,HGNC:7132,28
SLC35C1,HGNC:20197,28
DYM,HGNC:21317,28
LCA5,HGNC:31923,28
ZNF513,HGNC:26498,28
HSPD1,HGNC:5261,28
RPGR,HGNC:10295,28
PRDM5,HGNC:9349,28
SPR,HGNC:11257,28
MTTP,HGNC:7467,28
IL2RA,HGNC:6008,28
PDHA1,HGNC:8806,28
PHKA2,HGNC:8926,28
MOCS1,HGNC:7190,28
TRPS1,HGNC:12340,28
EIF2B3,HGNC:3259,28
TTC19,HGNC:26006,28
NDUFS1,HGNC:7707,28
GRM1,HGNC:4593,28
TRPC6,HGNC:12338,28
UNC80,HGNC:26582,28
EIF2B4,HGNC:3260,28
EGLN1,HGNC:1232,28
SLMAP,HGNC:16643,28
ZFPM2,HGNC:16700,28
CAMTA1,HGNC:18806,28
STAT5B,HGNC:11367,28
AAAS,HGNC:13666,28
COL10A1,HGNC:2185,28
ENPP1,HGNC:3356,28
MASP1,HGNC:6901,28
RHO,HGNC:10012,28
SUOX,HGNC:11460,28
CYP24A1,HGNC:2602,28
DLL3,HGNC:2909,28
KHK,HGNC:6315,28
BMPER,HGNC:24154,28
SLC39A4,HGNC:17129,28
MMP20,HGNC:7167,28
HSF4,HGNC:5227,28
PGAP1,HGNC:25712,28
PCLO,HGNC:13406,28
DSE,HGNC:21144,28
MAG,HGNC:6783,28
NDST1,HGNC:7680,28
NFAT5,HGNC:7774,28
UPK3A,HGNC:12580,26
KIRREL3,HGNC:23204,26
NODAL,HGNC:7865,26
RGR,HGNC:9990,26
TBXAS1,HGNC:11609,26
PRPH2,HGNC:9942,26
SERPINC1,HGNC:775,26
CYP1B1,HGNC:2597,26
CEP41,HGNC:12370,26
SPINK1,HGNC:11244,26
CFHR5,HGNC:24668,26
HGF,HGNC:4893,26
CLCN5,HGNC:2023,26
SLC26A1,HGNC:10993,26
UPF3B,HGNC:20439,26
FRMPD4,HGNC:29007,26
PHF8,HGNC:20672,26
KPNA7,HGNC:21839,26
ARHGEF10,HGNC:14103,26
TCTN1,HGNC:26113,26
TUBA8,HGNC:12410,26
DLAT,HGNC:2896,26
SFTPB,HGNC:10801,26
CLDN14,HGNC:2035,26
PITPNM3,HGNC:21043,26
PGK1,HGNC:8896,26
SPATA7,HGNC:20423,26
TUSC3,HGNC:30242,26
RIT1,HGNC:10023,26
VAPB,HGNC:12649,26
IMPDH1,HGNC:6052,26
TPRN,HGNC:26894,26
MMP13,HGNC:7159,26
B4GALT7,HGNC:930,26
TMEM237,HGNC:14432,26
GHRHR,HGNC:4266,26
B3GLCT,HGNC:20207,26
TRIM37,HGNC:7523,26
MMP9,HGNC:7176,26
GLE1,HGNC:4315,26
PQBP1,HGNC:9330,26
LMBRD1,HGNC:23038,26
STAT2,HGNC:11363,26
SRP72,HGNC:11303,26
MED23,HGNC:2372,26
DDHD2,HGNC:29106,26
SURF1,HGNC:11474,26
DNM1L,HGNC:2973,26
CEACAM16,HGNC:31948,26
NAGA,HGNC:7631,26
GNB4,HGNC:20731,26
ITGA6,HGNC:6142,26
TWIST1,HGNC:12428,26
GJC2,HGNC:17494,26
ZMYND10,HGNC:19412,26
RBFOX3,HGNC:27097,26
VARS2,HGNC:21642,26
IRF8,HGNC:5358,26
BMPR1B,HGNC:1077,26
PROP1,HGNC:9455,26
NLRP7,HGNC:22947,26
F13B,HGNC:3534,26
AGT,HGNC:333,26
ENAM,HGNC:3344,26
POLH,HGNC:9181,26
FAM126A,HGNC:24587,26
ACOX1,HGNC:119,26
FERMT1,HGNC:15889,26
ASPA,HGNC:756,26
TMPRSS6,HGNC:16517,26
FOXL2,HGNC:1092,26
DNA2,HGNC:2939,26
MYH7B,HGNC:15906,26
PARN,HGNC:8609,26
GDF2,HGNC:4217,26
RTN2,HGNC:10468,26
IKBKB,HGNC:5960,26
IBA57,HGNC:27302,26
MALT1,HGNC:6819,26
SIGMAR1,HGNC:8157,26
KCNK3,HGNC:6278,26
TRAF3IP2,HGNC:1343,26
TAP2,HGNC:44,26
SUN2,HGNC:14210,26
HFE,HGNC:4886,24
SLC45A2,HGNC:16472,24
TLR3,HGNC:11849,24
FOXI1,HGNC:3815,24
DPAGT1,HGNC:2995,24
MYF6,HGNC:7566,24
SLC2A2,HGNC:11006,24
ENO3,HGNC:3354,24
ALAD,HGNC:395,24
WAS,HGNC:12731,24
PJVK,HGNC:29502,24
GRHL2,HGNC:2799,24
CLRN1,HGNC:12605,24
GFM2,HGNC:29682,24
GCM2,HGNC:4198,24
CFI,HGNC:5394,24
PFKM,HGNC:8877,24
ALG11,HGNC:32456,24
G6PD,HGNC:4057,24
ARHGEF6,HGNC:685,24
ALG1,HGNC:18294,24
LARS2,HGNC:17095,24
WRAP53,HGNC:25522,24
ZFP57,HGNC:18791,24
SCN3B,HGNC:20665,24
CCDC103,HGNC:32700,24
GAS8,HGNC:4166,24
KIF1BP,HGNC:23419,24
TUBA1A,HGNC:20766,24
DLG3,HGNC:2902,24
CABP4,HGNC:1386,24
PLOD2,HGNC:9082,24
LRIT3,HGNC:24783,24
TYRP1,HGNC:12450,24
HYLS1,HGNC:26558,24
FLT4,HGNC:3767,24
POLR3B,HGNC:30348,24
TSEN34,HGNC:15506,24
MAOA,HGNC:6833,24
HARS2,HGNC:4817,24
FBP1,HGNC:3606,24
COX15,HGNC:2263,24
SYNE4,HGNC:26703,24
F8,HGNC:3546,24
CAVIN4,HGNC:33742,24
FGA,HGNC:3661,24
UNC93B1,HGNC:13481,24
IGLL1,HGNC:5870,24
CFAP298,HGNC:1301,24
DCAF17,HGNC:25784,24
PGM3,HGNC:8907,24
ALDOA,HGNC:414,24
TBK1,HGNC:11584,24
HPS6,HGNC:18817,24
SLC35A2,HGNC:11022,24
CPOX,HGNC:2321,24
CNNM4,HGNC:105,24
CLDN1,HGNC:2032,24
MASP2,HGNC:6902,24
GJA8,HGNC:4281,24
CTSK,HGNC:2536,24
DARS2,HGNC:25538,24
SUMF1,HGNC:20376,24
ATP6V0A4,HGNC:866,24
HABP2,HGNC:4798,24
TALDO1,HGNC:11559,24
KRT83,HGNC:6460,24
ALDH3A2,HGNC:403,24
TAT,HGNC:11573,24
IL10RB,HGNC:5965,24
GYS1,HGNC:4706,24
HIVEP2,HGNC:4921,24
ALG14,HGNC:28287,24
CCM2,HGNC:21708,24
CEP120,HGNC:26690,24
KIAA0586,HGNC:19960,24
ADAT3,HGNC:25151,24
LRRC10,HGNC:20264,24
PCK1,HGNC:8724,23
AGA,HGNC:318,22
ALOXE3,HGNC:13743,22
PRODH,HGNC:9453,22
LEFTY2,HGNC:3122,22
ACADSB,HGNC:91,22
ARSE,HGNC:719,22
PAX4,HGNC:8618,22
MC4R,HGNC:6932,22
CIZ1,HGNC:16744,22
GJB6,HGNC:4288,22
CLCNKB,HGNC:2027,22
POLR1C,HGNC:20194,22
ROM1,HGNC:10254,22
GRM6,HGNC:4598,22
ETFB,HGNC:3482,22
MBTPS2,HGNC:15455,22
PITX2,HGNC:9005,22
DCX,HGNC:2714,22
PCSK1,HGNC:8743,22
ABHD12,HGNC:15868,22
PMS1,HGNC:9121,22
KCND2,HGNC:6238,22
NFKB2,HGNC:7795,22
SEPTIN9,HGNC:7323,22
LHFPL5,HGNC:21253,22
RSPH9,HGNC:21057,22
VANGL1,HGNC:15512,22
DDOST,HGNC:2728,22
TYR,HGNC:12442,22
FMN1,HGNC:3768,22
GLIS2,HGNC:29450,22
MAK,HGNC:6816,22
LHX3,HGNC:6595,22
CEP164,HGNC:29182,22
TMEM70,HGNC:26050,22
ETFA,HGNC:3481,22
EDN3,HGNC:3178,22
SMAD9,HGNC:6774,22
COQ2,HGNC:25223,22
NDUFAF6,HGNC:28625,22
C12orf65,HGNC:26784,22
PUS1,HGNC:15508,22
SCO1,HGNC:10603,22
AHCY,HGNC:343,22
CHRM2,HGNC:1951,22
CACNA1E,HGNC:1392,22
PKLR,HGNC:9020,22
FMO3,HGNC:3771,22
BMP4,HGNC:1071,22
FBXO7,HGNC:13586,22
SOX10,HGNC:11190,22
WDR81,HGNC:26600,22
HECW2,HGNC:29853,22
LHX4,HGNC:21734,22
AMPD2,HGNC:469,22
SLC19A2,HGNC:10938,22
DOCK6,HGNC:19189,22
HAX1,HGNC:16915,22
PIKFYVE,HGNC:23785,22
SPATA16,HGNC:29935,22
NIPAL4,HGNC:28018,22
PNPLA1,HGNC:21246,22
CD36,HGNC:1663,22
GSN,HGNC:4620,22
TEK,HGNC:11724,22
IRAK4,HGNC:17967,22
HAL,HGNC:4806,22
TGM5,HGNC:11781,22
GJA3,HGNC:4277,22
HERC1,HGNC:4867,22
GATA1,HGNC:4170,22
ZMYND11,HGNC:16966,22
MTPAP,HGNC:25532,22
CENPE,HGNC:1856,22
NR2F1,HGNC:7975,22
BTK,HGNC:1133,22
MME,HGNC:7154,22
PLOD3,HGNC:9083,22
TRAP1,HGNC:16264,22
DDX3X,HGNC:2745,22
COPA,HGNC:2230,22
B4GALNT1,HGNC:4117,22
LTBP3,HGNC:6716,22
DCLRE1B,HGNC:17641,22
RFXANK,HGNC:9987,21
FLVCR2,HGNC:20105,20
MASTL,HGNC:19042,20
GJB3,HGNC:4285,20
COCH,HGNC:2180,20
SCNN1B,HGNC:10600,20
SOX2,HGNC:11195,20
LIPC,HGNC:6619,20
ACP5,HGNC:124,20
TMEM138,HGNC:26944,20
POU3F4,HGNC:9217,20
SLC40A1,HGNC:10909,20
TTPA,HGNC:12404,20
PAFAH1B1,HGNC:8574,20
CRX,HGNC:2383,20
THOC2,HGNC:19073,20
ACSL4,HGNC:3571,20
ZC3H14,HGNC:20509,20
CD79A,HGNC:1698,20
PIGL,HGNC:8966,20
SLC7A9,HGNC:11067,20
LAMA5,HGNC:6485,20
CCDC50,HGNC:18111,20
EXT1,HGNC:3512,20
TNFSF11,HGNC:11926,20
PHKG2,HGNC:8931,20
TBCE,HGNC:11582,20
PAPSS2,HGNC:8604,20
TCTN3,HGNC:24519,20
KCNC3,HGNC:6235,20
PAK3,HGNC:8592,20
RDH12,HGNC:19977,20
PRKAG3,HGNC:9387,20
GRIK2,HGNC:4580,20
SLC1A1,HGNC:10939,20
ATP8A2,HGNC:13533,20
NIPA1,HGNC:17043,20
MRPS22,HGNC:14508,20
APTX,HGNC:15984,20
ALDH1B1,HGNC:407,20
TUFM,HGNC:12420,20
COQ9,HGNC:25302,20
HJV,HGNC:4887,20
EPHA2,HGNC:3386,20
VPS45,HGNC:14579,20
KLHL41,HGNC:16905,20
DPP6,HGNC:3010,20
TSFM,HGNC:12367,20
CHD1L,HGNC:1916,20
IL21R,HGNC:6006,20
CD96,HGNC:16892,20
GCNT2,HGNC:4204,20
THAP1,HGNC:20856,20
EDNRB,HGNC:3180,20
GSS,HGNC:4624,20
CYP2U1,HGNC:20582,20
CTNNA1,HGNC:2509,20
OPTN,HGNC:17142,20
GDF1,HGNC:4214,20
PAX6,HGNC:8620,20
FBXW4,HGNC:10847,20
GPC6,HGNC:4454,20
IDH3B,HGNC:5385,20
GNAT2,HGNC:4394,20
MYOC,HGNC:7610,20
GAD1,HGNC:4092,20
CASP8,HGNC:1509,20
FSHR,HGNC:3969,20
EGF,HGNC:3229,20
NSD2,HGNC:12766,20
TACR3,HGNC:11528,20
IL12B,HGNC:5970,20
MYBPC1,HGNC:7549,20
KRT2,HGNC:6439,20
WDR72,HGNC:26790,20
CLCN7,HGNC:2025,20
RIPK4,HGNC:496,20
IL2RG,HGNC:6010,20
MPDZ,HGNC:7208,20
PCK2,HGNC:8725,20
CELSR1,HGNC:1850,20
TUBB4A,HGNC:20774,20
CRB2,HGNC:18688,20
TPM2,HGNC:12011,20
TMEM173,HGNC:27962,20
LFNG,HGNC:6560,20
MAP3K14,HGNC:6853,20
OAT,HGNC:8091,18
SLC16A1,HGNC:10922,18
FASLG,HGNC:11936,18
TARDBP,HGNC:11571,18
TPK1,HGNC:17358,18
CLCNKA,HGNC:2026,18
SLC34A1,HGNC:11019,18
OXCT1,HGNC:8527,18
B4GALT1,HGNC:924,18
FMR1,HGNC:3775,18
SRD5A2,HGNC:11285,18
LMBR1,HGNC:13243,18
KMT2C,HGNC:13726,18
HTRA1,HGNC:9476,18
UBR4,HGNC:30313,18
COQ6,HGNC:20233,18
HMBS,HGNC:4982,18
LRP6,HGNC:6698,18
WNT5A,HGNC:12784,18
PAX8,HGNC:8622,18
RLBP1,HGNC:10024,18
NLGN3,HGNC:14289,18
DCC,HGNC:2701,18
PDYN,HGNC:8820,18
CAVIN1,HGNC:9688,18
FAM20C,HGNC:22140,18
SLC46A1,HGNC:30521,18
CYP21A2,HGNC:2600,18
IDS,HGNC:5389,18
MATN3,HGNC:6909,18
CNKSR2,HGNC:19701,18
GH1,HGNC:4261,18
GALNT3,HGNC:4125,18
FSCN2,HGNC:3960,18
RNASEH2C,HGNC:24116,18
MIPEP,HGNC:7104,18
RFX6,HGNC:21478,18
ERLIN2,HGNC:1356,18
NFIX,HGNC:7788,18
SERAC1,HGNC:21061,18
NDUFS3,HGNC:7710,18
ATPAF2,HGNC:18802,18
ETHE1,HGNC:23287,18
NBAS,HGNC:15625,18
GNS,HGNC:4422,18
ITCH,HGNC:13890,18
ZDHHC9,HGNC:18475,18
TGFBI,HGNC:11771,18
RAB27A,HGNC:9766,18
DSPP,HGNC:3054,18
DLC1,HGNC:2897,18
TBX4,HGNC:11603,18
DHCR24,HGNC:2859,18
B9D2,HGNC:28636,18
IHH,HGNC:5956,18
COX10,HGNC:2260,18
KIF14,HGNC:19181,18
STK4,HGNC:11408,18
GLUL,HGNC:4341,18
RD3,HGNC:19689,18
FUCA1,HGNC:4006,18
DHDDS,HGNC:20603,18
ACADL,HGNC:88,18
AGTR1,HGNC:336,18
ITGA2,HGNC:6137,18
STX11,HGNC:11429,18
SLC26A3,HGNC:3018,18
CNNM2,HGNC:103,18
UNG,HGNC:12572,18
NAGS,HGNC:17996,18
CA4,HGNC:1375,18
TSHZ1,HGNC:10669,18
RFXAP,HGNC:9988,18
CD19,HGNC:1633,18
THBD,HGNC:11784,18
PRPF6,HGNC:15860,18
CRYBB3,HGNC:2400,18
CDK13,HGNC:1733,18
TBCD,HGNC:11581,18
NEDD4L,HGNC:7728,18
SOD1,HGNC:11179,18
PIK3R2,HGNC:8980,18
FKBP14,HGNC:18625,18
PIGW,HGNC:23213,18
MAP3K1,HGNC:6848,18
TAPBP,HGNC:11566,18
VPS37A,HGNC:24928,18
CHCHD10,HGNC:15559,18
PGAM2,HGNC:8889,16
CCBE1,HGNC:29426,16
CRELD1,HGNC:14630,16
TOR1A,HGNC:3098,16
NDUFS8,HGNC:7715,16
HESX1,HGNC:4877,16
ZNF81,HGNC:13156,16
PAX9,HGNC:8623,16
TPM3,HGNC:12012,16
TF,HGNC:11740,16
HOXD13,HGNC:5136,16
HBA2,HGNC:4824,16
ALB,HGNC:399,16
NPC2,HGNC:14537,16
CYBB,HGNC:2578,16
ALAS2,HGNC:397,16
TMIE,HGNC:30800,16
SLC26A6,HGNC:14472,16
CLDN19,HGNC:2040,16
SLC4A2,HGNC:11028,16
SLC25A1,HGNC:10979,16
RS1,HGNC:10457,16
FZD4,HGNC:4042,16
CHSY1,HGNC:17198,16
HPRT1,HGNC:5157,16
NSDHL,HGNC:13398,16
RAX2,HGNC:18286,16
PARK7,HGNC:16369,16
FAS,HGNC:11920,16
EDARADD,HGNC:14341,16
AP4S1,HGNC:575,16
CDC6,HGNC:1744,16
CEL,HGNC:1848,16
ZNF526,HGNC:29415,16
DNMT3A,HGNC:2978,16
ERCC3,HGNC:3435,16
PHF6,HGNC:18145,16
OCLN,HGNC:8104,16
SFTPA1,HGNC:10798,16
SERPINB6,HGNC:8950,16
NAA10,HGNC:18704,16
ZNF408,HGNC:20041,16
RANGRF,HGNC:17679,16
SIX3,HGNC:10889,16
ORAI1,HGNC:25896,16
SLC25A15,HGNC:10985,16
CIT,HGNC:1985,16
CRBN,HGNC:30185,16
NDUFS2,HGNC:7708,16
NDUFA10,HGNC:7684,16
LARS,HGNC:6512,16
NDUFAF2,HGNC:28086,16
PDSS1,HGNC:17759,16
NDUFAF1,HGNC:18828,16
NDUFAF5,HGNC:15899,16
AGPS,HGNC:327,16
SLC39A8,HGNC:20862,16
ROBO2,HGNC:10250,16
KDM6B,HGNC:29012,16
RNASEH2B,HGNC:25671,16
ITGB3,HGNC:6156,16
SIX1,HGNC:10887,16
AASS,HGNC:17366,16
KPTN,HGNC:6404,16
STX1B,HGNC:18539,16
CYBA,HGNC:2577,16
TREM2,HGNC:17761,16
ADAM9,HGNC:216,16
C19orf12,HGNC:25443,16
TBX3,HGNC:11602,16
QDPR,HGNC:9752,16
OTX2,HGNC:8522,16
SERPINF1,HGNC:8824,16
KIF4A,HGNC:13339,16
TBX19,HGNC:11596,16
EPAS1,HGNC:3374,16
SLC33A1,HGNC:95,16
ACVR2B,HGNC:174,16
FGG,HGNC:3694,16
NOBOX,HGNC:22448,16
HOXA1,HGNC:5099,16
GATA3,HGNC:4172,16
SLCO1B1,HGNC:10959,16
SLC11A2,HGNC:10908,16
KRT4,HGNC:6441,16
CYP27B1,HGNC:2606,16
FBLN5,HGNC:3602,16
SLC6A2,HGNC:11048,16
TRPV3,HGNC:18084,16
RHBDF2,HGNC:20788,16
AICDA,HGNC:13203,16
ENTPD1,HGNC:3363,16
WDR60,HGNC:21862,16
CLPP,HGNC:2084,16
CHD4,HGNC:1919,16
ACTN4,HGNC:166,16
NLRP1,HGNC:14374,16
PPP1R3A,HGNC:9291,16
TIA1,HGNC:11802,16
NKX2-6,HGNC:32940,16
GDI1,HGNC:4226,16
TRNT1,HGNC:17341,16
NT5C2,HGNC:8022,16
CLIP1,HGNC:10461,16
BLNK,HGNC:14211,16
SLC35A3,HGNC:11023,16
NECAP1,HGNC:24539,16
IFNGR2,HGNC:5440,16
CPT1C,HGNC:18540,16
PDK3,HGNC:8811,16
RAB23,HGNC:14263,15
RNF135,HGNC:21158,14
SLC9A3R1,HGNC:11075,14
RPL5,HGNC:10360,14
GUCA1A,HGNC:4678,14
HSD3B2,HGNC:5218,14
CORIN,HGNC:19012,14
NR1I3,HGNC:7969,14
NEU1,HGNC:7758,14
USP8,HGNC:12631,14
PPARG,HGNC:9236,14
PTF1A,HGNC:23734,14
KDR,HGNC:6307,14
PAX2,HGNC:8616,14
ORC4,HGNC:8490,14
KRT1,HGNC:6412,14
MFRP,HGNC:18121,14
SEC23B,HGNC:10702,14
TMEM126A,HGNC:25382,14
SPG21,HGNC:20373,14
PRKCSH,HGNC:9411,14
MMP2,HGNC:7166,14
KIF22,HGNC:6391,14
MYCN,HGNC:7559,14
FBLN1,HGNC:3600,14
XPNPEP3,HGNC:28052,14
ALDH6A1,HGNC:7179,14
PHC1,HGNC:3182,14
PDHB,HGNC:8808,14
PDSS2,HGNC:23041,14
YARS2,HGNC:24249,14
NDUFA9,HGNC:7693,14
TK2,HGNC:11831,14
KIAA1109,HGNC:26953,14
METTL23,HGNC:26988,14
SIX5,HGNC:10891,14
CD2AP,HGNC:14258,14
ANOS1,HGNC:6211,14
MUC5B,HGNC:7516,14
P2RX2,HGNC:15459,14
NHP2,HGNC:14377,14
WIPF1,HGNC:12736,14
CD3D,HGNC:1673,14
TNNT3,HGNC:11950,14
SIM1,HGNC:10882,14
CYLD,HGNC:2584,14
SULF1,HGNC:20391,14
PYCR1,HGNC:9721,14
MMADHC,HGNC:25221,14
TMEM231,HGNC:37234,14
UNC119,HGNC:12565,14
CHST6,HGNC:6938,14
SP7,HGNC:17321,14
PRKRA,HGNC:9438,14
SLC30A10,HGNC:25355,14
IL36RN,HGNC:15561,14
STAT1,HGNC:11362,14
CRYGD,HGNC:2411,14
CUL3,HGNC:2553,14
BFSP2,HGNC:1041,14
NR3C2,HGNC:7979,14
WDR36,HGNC:30696,14
STAR,HGNC:11359,14
ALX4,HGNC:450,14
GLUD1,HGNC:4335,14
IL1RAPL1,HGNC:5996,14
EZR,HGNC:12691,14
DARS,HGNC:2678,14
NFKB1,HGNC:7794,14
STAG1,HGNC:11354,14
TNC,HGNC:5318,14
MYO18B,HGNC:18150,14
PIGT,HGNC:14938,14
POLR1A,HGNC:17264,14
CHD3,HGNC:1918,14
LONP1,HGNC:9479,14
FAT1,HGNC:3595,14
TTI2,HGNC:26262,14
EEF2,HGNC:3214,14
SYT14,HGNC:23143,14
PDX1,HGNC:6107,14
AK2,HGNC:362,14
CTPS1,HGNC:2519,14
GAL,HGNC:4114,14
MAF,HGNC:6776,14
MYL4,HGNC:7585,14
APC2,HGNC:24036,14
IL1RN,HGNC:6000,14
LRIG2,HGNC:20889,14
RAD51B,HGNC:9822,14
KATNAL2,HGNC:25387,14
SBDS,HGNC:19440,12
SLC2A9,HGNC:13446,12
GDF6,HGNC:4221,12
PRPS1,HGNC:9462,12
POU1F1,HGNC:9210,12
UBQLN2,HGNC:12509,12
MYD88,HGNC:7562,12
CFL2,HGNC:1875,12
SLC4A3,HGNC:11029,12
RORC,HGNC:10260,12
TAF2,HGNC:11536,12
ZIC2,HGNC:12873,12
MYO5A,HGNC:7602,12
SLC6A19,HGNC:27960,12
HYDIN,HGNC:19368,12
STAMBP,HGNC:16950,12
HDAC8,HGNC:13315,12
WDFY3,HGNC:20751,12
NR3C1,HGNC:7978,12
PLCB4,HGNC:9059,12
RLIM,HGNC:13429,12
CRYM,HGNC:2418,12
RGS9,HGNC:10004,12
GATA5,HGNC:15802,12
NEUROD1,HGNC:7762,12
NKX3-2,HGNC:951,12
RPN2,HGNC:10382,12
SAG,HGNC:10521,12
GDF5,HGNC:4220,12
TNFRSF11B,HGNC:11909,12
LRAT,HGNC:6685,12
THPO,HGNC:11795,12
TNNI2,HGNC:11946,12
SLC25A20,HGNC:1421,12
ABCB7,HGNC:48,12
CIC,HGNC:14214,12
NDUFS6,HGNC:7713,12
ATXN1,HGNC:10548,12
EXOSC3,HGNC:17944,12
ATN1,HGNC:3033,12
CTCF,HGNC:13723,12
COX20,HGNC:26970,12
PNPT1,HGNC:23166,12
DNAJC19,HGNC:30528,12
SLC25A4,HGNC:10990,12
SLC25A3,HGNC:10989,12
SCO2,HGNC:10604,12
PPP2R2B,HGNC:9305,12
ARID2,HGNC:18037,12
PPIB,HGNC:9255,12
DNAL1,HGNC:23247,12
DSTYK,HGNC:29043,12
PGAP3,HGNC:23719,12
OBSCN,HGNC:15719,12
SAMD9,HGNC:1348,12
DIAPH3,HGNC:15480,12
XIAP,HGNC:592,12
UBR1,HGNC:16808,12
RAB7A,HGNC:9788,12
TAB2,HGNC:17075,12
SMOC1,HGNC:20318,12
DLX3,HGNC:2916,12
FOXE3,HGNC:3808,12
CD40LG,HGNC:11935,12
BMP2,HGNC:1069,12
REN,HGNC:9958,12
CD46,HGNC:6953,12
HOXD10,HGNC:5133,12
GGCX,HGNC:4247,12
ABHD5,HGNC:21396,12
CLDN16,HGNC:2037,12
SNCAIP,HGNC:11139,12
KLHL3,HGNC:6354,12
SEPSECS,HGNC:30605,12
IYD,HGNC:21071,12
LMX1B,HGNC:6654,12
DPM2,HGNC:3006,12
DDB2,HGNC:2718,12
HPD,HGNC:5147,12
KRT5,HGNC:6442,12
SLITRK1,HGNC:20297,12
CYP11A1,HGNC:2590,12
SCNN1G,HGNC:10602,12
MIP,HGNC:7103,12
FGF14,HGNC:3671,12
RAX,HGNC:18662,12
LIM2,HGNC:6610,12
CRYAA,HGNC:2388,12
SNAP29,HGNC:11133,12
XYLT1,HGNC:15516,12
VPS53,HGNC:25608,12
ECHS1,HGNC:3151,12
XYLT2,HGNC:15517,12
PXDN,HGNC:14966,12
RARB,HGNC:9865,12
CTNND2,HGNC:2516,12
AFF4,HGNC:17869,12
BBS5,HGNC:970,12
ZIC3,HGNC:12874,12
SIN3A,HGNC:19353,12
ARSI,HGNC:32521,12
CEBPE,HGNC:1836,12
NALCN,HGNC:19082,12
EFTUD2,HGNC:30858,12
SON,HGNC:11183,12
CTNNB1,HGNC:2514,12
WARS2,HGNC:12730,12
FDXR,HGNC:3642,12
SLC4A10,HGNC:13811,12
PDE4D,HGNC:8783,12
NONO,HGNC:7871,12
DNAJC6,HGNC:15469,12
PRIMA1,HGNC:18319,12
GCSH,HGNC:4208,12
TRAF3,HGNC:12033,12
AMN,HGNC:14604,12
CFAP52,HGNC:16053,12
GUCA1B,HGNC:4679,11
COX4I2,HGNC:16232,10
UROS,HGNC:12592,10
VDR,HGNC:12679,10
NR0B1,HGNC:7960,10
HBA1,HGNC:4823,10
KIF11,HGNC:6388,10
PIK3C2G,HGNC:8973,10
FGF23,HGNC:3680,10
BFSP1,HGNC:1040,10
ATP2A2,HGNC:812,10
MGAT2,HGNC:7045,10
HSD17B10,HGNC:4800,10
SOX3,HGNC:11199,10
ALG9,HGNC:15672,10
WDR34,HGNC:28296,10
SLC20A2,HGNC:10947,10
MED17,HGNC:2375,10
ORC6,HGNC:17151,10
ZMPSTE24,HGNC:12877,10
RRM2B,HGNC:17296,10
JAK2,HGNC:6192,10
TSHR,HGNC:12373,10
PSPH,HGNC:9577,10
FTL,HGNC:3999,10
F2,HGNC:3535,10
PODXL,HGNC:9171,10
WNT7A,HGNC:12786,10
VAX1,HGNC:12660,10
SLC35A1,HGNC:11021,10
NOS1AP,HGNC:16859,10
WDR26,HGNC:21208,10
PI4KA,HGNC:8983,10
AMER1,HGNC:26837,10
PIK3R5,HGNC:30035,10
MARS2,HGNC:25133,10
NDUFB3,HGNC:7698,10
NDUFAF3,HGNC:29918,10
NDUFS4,HGNC:7711,10
NDUFAF4,HGNC:21034,10
MRPS16,HGNC:14048,10
ISCU,HGNC:29882,10
GFER,HGNC:4236,10
TACO1,HGNC:24316,10
NDUFV2,HGNC:7717,10
NID1,HGNC:7821,10
ABCA13,HGNC:14638,10
DDX11,HGNC:2736,10
BRF1,HGNC:11551,10
MID2,HGNC:7096,10
MSX1,HGNC:7391,10
ABCA7,HGNC:37,10
TNFSF12,HGNC:11927,10
DIABLO,HGNC:21528,10
FTO,HGNC:24678,10
RP2,HGNC:10274,10
MCIDAS,HGNC:40050,10
B9D1,HGNC:24123,10
HINT1,HGNC:4912,10
EPS8,HGNC:3420,10
TMEM132E,HGNC:26991,10
TCF3,HGNC:11633,10
SERPING1,HGNC:1228,10
CDC45,HGNC:1739,10
AVPR2,HGNC:897,10
RUNX2,HGNC:10472,10
ACVR1,HGNC:171,10
IFITM5,HGNC:16644,10
COG8,HGNC:18623,10
TSPAN12,HGNC:21641,10
HPGD,HGNC:5154,10
RASGRP2,HGNC:9879,10
CTH,HGNC:2501,10
CHN1,HGNC:1943,10
UMPS,HGNC:12563,10
PDCD10,HGNC:8761,10
MOCS2,HGNC:7193,10
RNASET2,HGNC:21686,10
CFB,HGNC:1037,10
HSPB3,HGNC:5248,10
TFAP2B,HGNC:11743,10
CYP11B2,HGNC:2592,10
IMPAD1,HGNC:26019,10
PLAU,HGNC:9052,10
APOA1,HGNC:600,10
C9orf72,HGNC:28337,10
CD3G,HGNC:1675,10
PSAT1,HGNC:19129,10
CD3E,HGNC:1674,10
INS,HGNC:6081,10
EIF2B2,HGNC:3258,10
CYP19A1,HGNC:2594,10
F10,HGNC:3528,10
KRT13,HGNC:6415,10
EPOR,HGNC:3416,10
NFKBIA,HGNC:7797,10
SOST,HGNC:13771,10
CRYBB1,HGNC:2397,10
F9,HGNC:3551,10
NR5A1,HGNC:7983,10
CFAP410,HGNC:1260,10
SOX11,HGNC:11191,10
KMT5B,HGNC:24283,10
TCF12,HGNC:11623,10
EBF3,HGNC:19087,10
PGAP2,HGNC:17893,10
ACTG2,HGNC:145,10
ATP2B2,HGNC:815,10
RPS7,HGNC:10440,10
OPLAH,HGNC:8149,10
HCN2,HGNC:4846,10
CASQ1,HGNC:1512,10
MYT1L,HGNC:7623,10
HK1,HGNC:4922,10
TGIF1,HGNC:11776,10
IDH2,HGNC:5383,10
GNAL,HGNC:4388,10
LDHA,HGNC:6535,10
CD320,HGNC:16692,10
RPL11,HGNC:10301,10
CRYBB2,HGNC:2398,10
ATAD3A,HGNC:25567,10
SAMD9L,HGNC:1349,10
CHAMP1,HGNC:20311,10
PPP1R15B,HGNC:14951,10
ASNS,HGNC:753,10
HSD11B2,HGNC:5209,10
RTN4IP1,HGNC:18647,10
FUZ,HGNC:26219,10
SMN1,HGNC:11117,10
CD247,HGNC:1677,10
ECEL1,HGNC:3147,10
ETV6,HGNC:3495,10
CEP104,HGNC:24866,10
LCK,HGNC:6524,10
JAGN1,HGNC:26926,10
RHBDF1,HGNC:20561,10
INPPL1,HGNC:6080,10
BCL11A,HGNC:13221,10
MYO1E,HGNC:7599,10
TBR1,HGNC:11590,10
FPR1,HGNC:3826,10
VMA21,HGNC:22082,10
MOCOS,HGNC:18234,10
RP9,HGNC:10288,8
GHSR,HGNC:4267,8
FGF8,HGNC:3686,8
OAS1,HGNC:8086,8
F13A1,HGNC:3531,8
SELE,HGNC:10718,8
DRD2,HGNC:3023,8
ANG,HGNC:483,8
CHMP2B,HGNC:24537,8
RPS19,HGNC:10402,8
ADAMTS18,HGNC:17110,8
ACLY,HGNC:115,8
LAMC1,HGNC:6492,8
SLC16A12,HGNC:23094,8
TNK2,HGNC:19297,8
EFEMP1,HGNC:3218,8
SMS,HGNC:11123,8
GNAT1,HGNC:4393,8
PORCN,HGNC:17652,8
DPYS,HGNC:3013,8
PROKR2,HGNC:15836,8
TBC1D4,HGNC:19165,8
GYG2,HGNC:4700,8
MACF1,HGNC:13664,8
DLL1,HGNC:2908,8
KCNQ5,HGNC:6299,8
PARD3,HGNC:16051,8
ERBB3,HGNC:3431,8
IFT43,HGNC:29669,8
BLOC1S3,HGNC:20914,8
KCNJ13,HGNC:6259,8
NDP,HGNC:7678,8
ELOVL4,HGNC:14415,8
TRIM63,HGNC:16007,8
PARS2,HGNC:30563,8
RNF125,HGNC:21150,8
IRAK3,HGNC:17020,8
HIBCH,HGNC:4908,8
OSTM1,HGNC:21652,8
PIGM,HGNC:18858,8
RBP4,HGNC:9922,8
ZNF41,HGNC:13107,8
CA2,HGNC:1373,8
KLHL7,HGNC:15646,8
SLIT2,HGNC:11086,8
TBX6,HGNC:11605,8
UROC1,HGNC:26444,8
RAB18,HGNC:14244,8
ATXN3,HGNC:7106,8
EPB41L1,HGNC:3378,8
TBC1D20,HGNC:16133,8
ZDHHC15,HGNC:20342,8
BOLA3,HGNC:24415,8
NDUFS7,HGNC:7714,8
NDUFA11,HGNC:20371,8
ZSWIM6,HGNC:29316,8
CYP2R1,HGNC:20580,8
IGF2,HGNC:5466,8
ATP5F1A,HGNC:823,8
EMC1,HGNC:28957,8
HTRA2,HGNC:14348,8
DMPK,HGNC:2933,8
BMP7,HGNC:1074,8
ARHGAP24,HGNC:25361,8
TNR,HGNC:11953,8
NEFH,HGNC:7737,8
CSF2RB,HGNC:2436,8
NHEJ1,HGNC:25737,8
SFTPC,HGNC:10802,8
RDH5,HGNC:9940,8
KCNE5,HGNC:6241,8
WDR11,HGNC:13831,8
TENM4,HGNC:29945,8
PLK4,HGNC:11397,8
C8orf37,HGNC:27232,8
VAMP1,HGNC:12642,8
MAFB,HGNC:6408,8
WDR73,HGNC:25928,8
RBM10,HGNC:9896,8
CIB2,HGNC:24579,8
IGF1,HGNC:5464,8
TUBGCP4,HGNC:16691,8
NARS2,HGNC:26274,8
TBX15,HGNC:11594,8
EMX2,HGNC:3341,8
PPOX,HGNC:9280,8
GFI1,HGNC:4237,8
FIGLA,HGNC:24669,8
MCEE,HGNC:16732,8
LHCGR,HGNC:6585,8
RPIA,HGNC:10297,8
DRD3,HGNC:3024,8
FGB,HGNC:3662,8
RAB33B,HGNC:16075,8
GLRB,HGNC:4329,8
ANTXR2,HGNC:21732,8
SRD5A3,HGNC:25812,8
TMEM165,HGNC:30760,8
GNRHR,HGNC:4421,8
ANKH,HGNC:15492,8
C2,HGNC:1248,8
LPL,HGNC:6677,8
CYP17A1,HGNC:2593,8
LDHB,HGNC:6541,8
DHH,HGNC:2865,8
TYROBP,HGNC:12449,8
STX16,HGNC:11431,8
NKX2-1,HGNC:11825,8
TNFRSF13C,HGNC:17755,8
PNPLA3,HGNC:18590,8
TBX22,HGNC:11600,8
MPDU1,HGNC:7207,8
MC2R,HGNC:6930,8
PDE11A,HGNC:8773,8
FAN1,HGNC:29170,8
FLG,HGNC:3748,8
DENND5A,HGNC:19344,8
RMND1,HGNC:21176,8
LIPT1,HGNC:29569,8
TBCK,HGNC:28261,8
WNT1,HGNC:12774,8
CLP1,HGNC:16999,8
CEP83,HGNC:17966,8
ZC4H2,HGNC:24931,8
CAV1,HGNC:1527,8
CELSR2,HGNC:3231,8
ASH1L,HGNC:19088,8
GABRA6,HGNC:4080,8
PHIP,HGNC:15673,8
HNRNPK,HGNC:5044,8
WAC,HGNC:17327,8
CORO1A,HGNC:2252,8
ZFHX3,HGNC:777,8
GRID2,HGNC:4576,8
TBX18,HGNC:11595,8
AKT3,HGNC:393,8
FBN3,HGNC:18794,8
UBE2A,HGNC:12472,8
FTSJ1,HGNC:13254,8
BRSK2,HGNC:11405,8
MFAP5,HGNC:29673,8
SLC6A17,HGNC:31399,8
ERF,HGNC:3444,8
SLC1A4,HGNC:10942,8
FXN,HGNC:3951,8
NFIA,HGNC:7784,8
GYG1,HGNC:4699,8
KIF2A,HGNC:6318,8
PRNP,HGNC:9449,8
DPM3,HGNC:3007,8
FADD,HGNC:3573,8
WDR87,HGNC:29934,8
ICK,HGNC:21219,8
COL27A1,HGNC:22986,8
B3GAT3,HGNC:923,8
KCNH1,HGNC:6250,8
LOX,HGNC:6664,8
STAG2,HGNC:11355,8
ISG15,HGNC:4053,8
NUS1,HGNC:21042,8
SLC52A1,HGNC:30225,8
TLK2,HGNC:11842,8
VARS,HGNC:12651,8
TNFRSF4,HGNC:11918,8
PLG,HGNC:9071,7
ZNF592,HGNC:28986,6
SIX6,HGNC:10892,6
MAGT1,HGNC:28880,6
CRYGC,HGNC:2410,6
BDNF,HGNC:1033,6
SERPINA3,HGNC:16,6
RAB40AL,HGNC:25410,6
LRP1,HGNC:6692,6
ERBB2,HGNC:3430,6
SPRY4,HGNC:15533,6
OTUD4,HGNC:24949,6
TRPV6,HGNC:14006,6
TRPV5,HGNC:3145,6
SEMA3A,HGNC:10723,6
MYCBP2,HGNC:23386,6
HCCS,HGNC:4837,6
ZFR,HGNC:17277,6
ZMYM3,HGNC:13054,6
HNRNPA1,HGNC:5031,6
EBP,HGNC:3133,6
TGFBR3,HGNC:11774,6
TRIP12,HGNC:12306,6
CLPTM1L,HGNC:24308,6
C5,HGNC:1331,6
TRPM3,HGNC:17992,6
KIF16B,HGNC:15869,6
SPECC1L,HGNC:29022,6
MXRA5,HGNC:7539,6
MSRB3,HGNC:27375,6
ARL6,HGNC:13210,6
MYH10,HGNC:7568,6
RAD51,HGNC:9817,6
WNT3,HGNC:12782,6
AHNAK,HGNC:347,6
ACY1,HGNC:177,6
NMNAT1,HGNC:17877,6
PITX1,HGNC:9004,6
PABPN1,HGNC:8565,6
KIF21B,HGNC:29442,6
PIK3CG,HGNC:8978,6
KRT16,HGNC:6423,6
OGT,HGNC:8127,6
SF3B4,HGNC:10771,6
POC1A,HGNC:24488,6
EFNB1,HGNC:3226,6
NDUFAF7,HGNC:28816,6
UQCRQ,HGNC:29594,6
NDUFA2,HGNC:7685,6
NDUFB9,HGNC:7704,6
RAB39B,HGNC:16499,6
RUBCN,HGNC:28991,6
PTPN23,HGNC:14406,6
KITLG,HGNC:6343,6
TET2,HGNC:25941,6
RORB,HGNC:10259,6
HTT,HGNC:4851,6
ANKLE2,HGNC:29101,6
IARS2,HGNC:29685,6
NRL,HGNC:8002,6
HAND1,HGNC:4807,6
GLYCTK,HGNC:24247,6
INO80,HGNC:26956,6
BCR,HGNC:1014,6
BSN,HGNC:1117,6
ADK,HGNC:257,6
EIF2S3,HGNC:3267,6
MAT2A,HGNC:6904,6
KISS1R,HGNC:4510,6
MTMR14,HGNC:26190,6
SLC9A9,HGNC:20653,6
GMPPA,HGNC:22923,6
SLC24A5,HGNC:20611,6
GPR143,HGNC:20145,6
RGS9BP,HGNC:30304,6
SLC35D1,HGNC:20800,6
FAR1,HGNC:26222,6
UBIAD1,HGNC:30791,6
TACSTD2,HGNC:11530,6
GLMN,HGNC:14373,6
MCFD2,HGNC:18451,6
NFU1,HGNC:16287,6
SLC25A38,HGNC:26054,6
ATP2C1,HGNC:13211,6
GM2A,HGNC:4367,6
HADH,HGNC:4799,6
PDE8B,HGNC:8794,6
LEP,HGNC:6553,6
MSX2,HGNC:7392,6
SERPINE1,HGNC:8583,6
DTNBP1,HGNC:17328,6
IL17F,HGNC:16404,6
MBL2,HGNC:6922,6
FSHB,HGNC:3964,6
SLC22A12,HGNC:17989,6
MGP,HGNC:7060,6
DCN,HGNC:2705,6
POLR1D,HGNC:20422,6
FECH,HGNC:3647,6
TPH2,HGNC:20692,6
ATCAY,HGNC:779,6
FRMD7,HGNC:8079,6
CETP,HGNC:1869,6
LMAN1,HGNC:6631,6
ERCC1,HGNC:3433,6
TMEM240,HGNC:25186,6
TUBB2A,HGNC:12412,6
DUOXA2,HGNC:32698,6
SSR4,HGNC:11326,6
GPRASP1,HGNC:24834,6
MYO1F,HGNC:7600,6
CTDP1,HGNC:2498,6
TELO2,HGNC:29099,6
SASS6,HGNC:25403,6
COL4A3BP,HGNC:2205,6
DVL1,HGNC:3084,6
AGO1,HGNC:3262,6
ASCC3,HGNC:18697,6
CPA1,HGNC:2296,6
TFAP2A,HGNC:11742,6
BICC1,HGNC:19351,6
TUBG1,HGNC:12417,6
BCL11B,HGNC:13222,6
LIPE,HGNC:6621,6
AP2S1,HGNC:565,6
AVP,HGNC:894,6
DNAH10,HGNC:2941,6
CALM3,HGNC:1449,6
TRIT1,HGNC:20286,6
C8A,HGNC:1352,6
CKAP2L,HGNC:26877,6
DDX41,HGNC:18674,6
EDN1,HGNC:3176,6
DCPS,HGNC:29812,6
NOG,HGNC:7866,6
CSNK2A1,HGNC:2457,6
CLTCL1,HGNC:2093,6
FN1,HGNC:3778,6
AP5B1,HGNC:25104,6
TARS2,HGNC:30740,6
KCNK18,HGNC:19439,6
CAPN5,HGNC:1482,6
IL17RD,HGNC:17616,6
COL6A6,HGNC:27023,6
DMGDH,HGNC:24475,6
CITED2,HGNC:1987,6
CACNA1B,HGNC:1389,6
VIM,HGNC:12692,6
NSMF,HGNC:29843,6
SORL1,HGNC:11185,6
COASY,HGNC:29932,6
SLFN14,HGNC:32689,6
KIDINS220,HGNC:29508,6
AP3B2,HGNC:567,6
HNRNPH2,HGNC:5042,6
GATAD2B,HGNC:30778,6
MLPH,HGNC:29643,6
TRMT10A,HGNC:28403,6
AGMO,HGNC:33784,6
IL11RA,HGNC:5967,6
UCP2,HGNC:12518,6
TSPAN7,HGNC:11854,6
PATL2,HGNC:33630,6
C1S,HGNC:1247,6
GNB1L,HGNC:4397,6
NADK2,HGNC:26404,6
INTU,HGNC:29239,6
ME2,HGNC:6984,6
KDM1A,HGNC:29079,6
EPB41,HGNC:3377,6
GEMIN5,HGNC:20043,6
SNX14,HGNC:14977,6
CABP2,HGNC:1385,6
WNT10B,HGNC:12775,6
CNTNAP1,HGNC:8011,6
PPP2R1A,HGNC:9302,6
IER3IP1,HGNC:18550,6
CFAP53,HGNC:26530,6
AHNAK2,HGNC:20125,6
CA5A,HGNC:1377,6
ATP6AP1,HGNC:868,6
NTHL1,HGNC:8028,6
CLIC5,HGNC:13517,6
APAF1,HGNC:576,6
OSGEP,HGNC:18028,6
CLTC,HGNC:2092,6
COQ8B,HGNC:19041,6
POLA1,HGNC:9173,6
DLL4,HGNC:2910,6
NTRK2,HGNC:8032,6
CD27,HGNC:11922,6
KCTD17,HGNC:25705,6
ACBD5,HGNC:23338,6
GANAB,HGNC:4138,6
BPTF,HGNC:3581,6
MBOAT7,HGNC:15505,6
TRAF3IP1,HGNC:17861,6
DHPS,HGNC:2869,6
CD79B,HGNC:1699,6
SNAP25,HGNC:11132,6
PAX5,HGNC:8619,6
ARMC5,HGNC:25781,6
SOX17,HGNC:18122,6
RIPOR2,HGNC:13872,6
SLC38A3,HGNC:18044,6
UGT1A7,HGNC:12539,6
USP53,HGNC:29255,6
GPT2,HGNC:18062,5
ARHGAP9,HGNC:14130,4
VSX1,HGNC:12723,4
SERPINA7,HGNC:11583,4
NTF4,HGNC:8024,4
LIG1,HGNC:6598,4
SERPINA6,HGNC:1540,4
APOE,HGNC:613,4
NAGPA,HGNC:17378,4
GAS1,HGNC:4165,4
EDA2R,HGNC:17756,4
CELSR3,HGNC:3230,4
PCDHA3,HGNC:8669,4
SIRT1,HGNC:14929,4
PTH,HGNC:9606,4
SLC13A3,HGNC:14430,4
CLDN10,HGNC:2033,4
KRT14,HGNC:6416,4
ABCB6,HGNC:47,4
GDF3,HGNC:4218,4
SNCA,HGNC:11138,4
GNA11,HGNC:4379,4
MCC,HGNC:6935,4
PLD2,HGNC:9068,4
YY1,HGNC:12856,4
MADD,HGNC:6766,4
DLG5,HGNC:2904,4
MECOM,HGNC:3498,4
ARMC12,HGNC:21099,4
PTPRT,HGNC:9682,4
BRD2,HGNC:1103,4
CHUK,HGNC:1974,4
ZNF582,HGNC:26421,4
PLD3,HGNC:17158,4
ITGA8,HGNC:6144,4
TBP,HGNC:11588,4
TNFAIP3,HGNC:11896,4
SS18L1,HGNC:15592,4
GPIHBP1,HGNC:24945,4
DNAH6,HGNC:2951,4
TNFRSF8,HGNC:11923,4
KPRP,HGNC:31823,4
ATP2B4,HGNC:817,4
USP48,HGNC:18533,4
SLC6A9,HGNC:11056,4
LRP1B,HGNC:6693,4
CADPS,HGNC:1426,4
MAPK10,HGNC:6872,4
ARAP3,HGNC:24097,4
SSBP2,HGNC:15831,4
SCRN1,HGNC:22192,4
TRRAP,HGNC:12347,4
CKAP5,HGNC:28959,4
GLI1,HGNC:4317,4
ABCC4,HGNC:55,4
PPP2R5C,HGNC:9311,4
HIF1A,HGNC:4910,4
DNAH9,HGNC:2953,4
AKAP1,HGNC:367,4
TMEM230,HGNC:15876,4
MED20,HGNC:16840,4
HAMP,HGNC:15598,4
LOXL3,HGNC:13869,4
SEMA3D,HGNC:10726,4
FAT3,HGNC:23112,4
UBR5,HGNC:16806,4
SLC9A1,HGNC:11071,4
RTL9,HGNC:29245,4
EMILIN1,HGNC:19880,4
SYP,HGNC:11506,4
HDAC6,HGNC:14064,4
ATXN2,HGNC:10555,4
ALX1,HGNC:1494,4
STUB1,HGNC:11427,4
PCNX2,HGNC:8736,4
COX6B1,HGNC:2280,4
SDHAF1,HGNC:33867,4
TIMM44,HGNC:17316,4
DCTN2,HGNC:2712,4
SHROOM3,HGNC:30422,4
MDGA1,HGNC:19267,4
CNKSR1,HGNC:19700,4
ARHGAP29,HGNC:30207,4
ATF2,HGNC:784,4
RASA2,HGNC:9872,4
EOMES,HGNC:3372,4
LARP7,HGNC:24912,4
TBXT,HGNC:11515,4
NCAPG2,HGNC:21904,4
SFTPD,HGNC:10803,4
DAAM1,HGNC:18142,4
ATP10A,HGNC:13542,4
ECI1,HGNC:2703,4
HOXB6,HGNC:5117,4
MYO9B,HGNC:7609,4
COL5A3,HGNC:14864,4
CTTNBP2,HGNC:15679,4
ZDBF2,HGNC:29313,4
ARHGAP35,HGNC:4591,4
SPEN,HGNC:17575,4
SLITRK6,HGNC:23503,4
KLHL6,HGNC:18653,4
FCN1,HGNC:3623,4
FAAH2,HGNC:26440,4
NET1,HGNC:14592,4
ZNF462,HGNC:21684,4
SIX2,HGNC:10888,4
CDC5L,HGNC:1743,4
KLHL9,HGNC:18732,4
DGKZ,HGNC:2857,4
LRFN5,HGNC:20360,4
ITGA11,HGNC:6136,4
HSPH1,HGNC:16969,4
CYC1,HGNC:2579,4
PREX2,HGNC:22950,4
HS6ST1,HGNC:5201,4
GRIK3,HGNC:4581,4
SNIP1,HGNC:30587,4
BDP1,HGNC:13652,4
TDP2,HGNC:17768,4
GUCY2C,HGNC:4688,4
NBEA,HGNC:7648,4
TOP2A,HGNC:11989,4
ELP2,HGNC:18248,4
CACNG2,HGNC:1406,4
RCBTB1,HGNC:18243,4
ANLN,HGNC:14082,4
GDNF,HGNC:4232,4
GP9,HGNC:4444,4
TBL1X,HGNC:11585,4
PRPF3,HGNC:17348,4
TAF6,HGNC:11540,4
JCAD,HGNC:29283,4
DIP2B,HGNC:29284,4
DRD5,HGNC:3026,4
HOXB1,HGNC:5111,4
DHFR,HGNC:2861,4
ATXN10,HGNC:10549,4
ICOS,HGNC:5351,4
HYAL1,HGNC:5320,4
FGF10,HGNC:3666,4
LMNB1,HGNC:6637,4
TPMT,HGNC:12014,4
HSD17B3,HGNC:5212,4
SNAI2,HGNC:11094,4
HOXA2,HGNC:5103,4
PDP1,HGNC:9279,4
AQP2,HGNC:634,4
PCBD1,HGNC:8646,4
LCAT,HGNC:6522,4
F7,HGNC:3544,4
SLC6A4,HGNC:11050,4
EIF2B1,HGNC:3257,4
SNRPN,HGNC:11164,4
KLF1,HGNC:6345,4
FOXF1,HGNC:3809,4
MRAP,HGNC:1304,4
NOP10,HGNC:14378,4
PDE6G,HGNC:8789,4
NR0B2,HGNC:7961,4
ASB18,HGNC:19770,4
TLL1,HGNC:11843,4
CELF5,HGNC:14058,4
PLEKHM1,HGNC:29017,4
PDGFB,HGNC:8800,4
DDX53,HGNC:20083,4
BCAP31,HGNC:16695,4
NOP56,HGNC:15911,4
PRKAR1B,HGNC:9390,4
GCC2,HGNC:23218,4
CLCN3,HGNC:2021,4
PTRHD1,HGNC:33782,4
GREM1,HGNC:2001,4
ZBTB18,HGNC:13030,4
ZNF644,HGNC:29222,4
SLC25A26,HGNC:20661,4
GRXCR2,HGNC:33862,4
KIF5C,HGNC:6325,4
GPD2,HGNC:4456,4
ACTN1,HGNC:163,4
COL13A1,HGNC:2190,4
CERS3,HGNC:23752,4
TANGO2,HGNC:25439,4
AMH,HGNC:464,4
FAM20A,HGNC:23015,4
WNK3,HGNC:14543,4
CRYBA4,HGNC:2396,4
NLGN4Y,HGNC:15529,4
SPEF2,HGNC:26293,4
MFSD2A,HGNC:25897,4
SYN2,HGNC:11495,4
MRPL3,HGNC:10379,4
RARS,HGNC:9870,4
CHD1,HGNC:1915,4
DGAT1,HGNC:2843,4
ASPH,HGNC:757,4
PTPRQ,HGNC:9679,4
CALM1,HGNC:1442,4
CHRNA3,HGNC:1957,4
CNOT1,HGNC:7877,4
CHMP1A,HGNC:8740,4
IGSF1,HGNC:5948,4
CDK16,HGNC:8749,4
ARL3,HGNC:694,4
STAC2,HGNC:23990,4
ATP8B3,HGNC:13535,4
SEPTIN14,HGNC:33280,4
CTBP1,HGNC:2494,4
PRDM13,HGNC:13998,4
DDX58,HGNC:19102,4
FGF3,HGNC:3681,4
UCP3,HGNC:12519,4
UNC13C,HGNC:23149,4
H3F3A,HGNC:4764,4
CALM2,HGNC:1445,4
SEMA5A,HGNC:10736,4
ERMARD,HGNC:21056,4
SUZ12,HGNC:17101,4
CAMK2B,HGNC:1461,4
PALM,HGNC:8594,4
GABRA2,HGNC:4076,4
POC5,HGNC:26658,4
CREB3L1,HGNC:18856,4
MEIS2,HGNC:7001,4
RAC2,HGNC:9802,4
PLXNB3,HGNC:9105,4
HFM1,HGNC:20193,4
CDK6,HGNC:1777,4
CA8,HGNC:1382,4
CRADD,HGNC:2340,4
SCARF2,HGNC:19869,4
LINGO4,HGNC:31814,4
ASTN1,HGNC:773,4
CDH4,HGNC:1763,4
YWHAG,HGNC:12852,4
POC1B,HGNC:30836,4
LZTFL1,HGNC:6741,4
SDK1,HGNC:19307,4
COQ7,HGNC:2244,4
MRPL44,HGNC:16650,4
FAT2,HGNC:3596,4
GNAI3,HGNC:4387,4
SLC45A1,HGNC:17939,4
PPP1CB,HGNC:9282,4
ADIPOQ,HGNC:13633,4
COL25A1,HGNC:18603,4
MAB21L2,HGNC:6758,4
DNAJC21,HGNC:27030,4
MICU1,HGNC:1530,4
PHF21A,HGNC:24156,4
EMP2,HGNC:3334,4
SMAD2,HGNC:6768,4
SH2D1A,HGNC:10820,4
KLHL15,HGNC:29347,4
NYX,HGNC:8082,4
GPAA1,HGNC:4446,4
BCL10,HGNC:989,4
CRYGB,HGNC:2409,4
PRSS56,HGNC:39433,4
RHOH,HGNC:686,4
HNRNPA2B1,HGNC:5033,4
OGDH,HGNC:8124,4
MDM2,HGNC:6973,4
ARL6IP1,HGNC:697,4
TTC39A,HGNC:18657,4
GON4L,HGNC:25973,4
CWF19L1,HGNC:25613,4
ACOT4,HGNC:19748,4
SRGAP2,HGNC:19751,4
IRX4,HGNC:6129,4
SEC61B,HGNC:16993,4
ADSSL1,HGNC:20093,4
ACACA,HGNC:84,4
MICAL3,HGNC:24694,4
PIGX,HGNC:26046,4
SLC6A7,HGNC:11054,4
PCDH11X,HGNC:8656,4
CHEK1,HGNC:1925,4
LIG3,HGNC:6600,4
COL4A6,HGNC:2208,4
RNASEH1,HGNC:18466,4
HOMER2,HGNC:17513,4
SH2B3,HGNC:29605,4
AP3D1,HGNC:568,4
MS4A1,HGNC:7315,4
SOX5,HGNC:11201,4
CAPN1,HGNC:1476,4
S1PR2,HGNC:3169,4
KDM5B,HGNC:18039,4
ATP6V1A,HGNC:851,4
ZBTB20,HGNC:13503,4
CSNK2B,HGNC:2460,4
TGDS,HGNC:20324,4
SETD1A,HGNC:29010,4
H3F3B,HGNC:4765,4
UBA2,HGNC:30661,4
IKBKG,HGNC:5961,4
SNAPC4,HGNC:11137,4
ABCA2,HGNC:32,4
GLYR1,HGNC:24434,4
STT3B,HGNC:30611,4
IL10,HGNC:5962,4
TCN1,HGNC:11652,4
FZD2,HGNC:4040,4
ZFYVE16,HGNC:20756,4
MAPK8IP3,HGNC:6884,4
RASGRF1,HGNC:9875,4
DDX21,HGNC:2744,4
NCAPD3,HGNC:28952,4
GLDN,HGNC:29514,4
TRIP4,HGNC:12310,4
ADGRG6,HGNC:13841,4
SPOUT1,HGNC:26933,4
DRP2,HGNC:3032,4
FBXO41,HGNC:29409,4
THG1L,HGNC:26053,4
PRUNE2,HGNC:25209,4
SLC6A13,HGNC:11046,4
MTFMT,HGNC:29666,4
FOXC2,HGNC:3801,4
PHLPP1,HGNC:20610,4
VAV1,HGNC:12657,4
ATIC,HGNC:794,4
NPRL2,HGNC:24969,4
ARSH,HGNC:32488,4
SUGCT,HGNC:16001,4
COA8,HGNC:20492,4
VPS13D,HGNC:23595,4
ROBO1,HGNC:10249,4
TANC2,HGNC:30212,4
ZNF521,HGNC:24605,4
CD8A,HGNC:1706,4
BLOC1S6,HGNC:8549,4
WNT4,HGNC:12783,4
MCM6,HGNC:6949,4
CRH,HGNC:2355,4
ESR2,HGNC:3468,4
PTPRS,HGNC:9681,4
NUP205,HGNC:18658,4
DLX4,HGNC:2917,4
HPSE2,HGNC:18374,4
MNX1,HGNC:4979,4
NUP107,HGNC:29914,4
CCT2,HGNC:1615,4
KMT2E,HGNC:18541,4
C1R,HGNC:1246,4
USP24,HGNC:12623,4
CEP76,HGNC:25727,4
ZNF446,HGNC:21036,4
ZNF449,HGNC:21039,4
GSR,HGNC:4623,4
EIF2AK4,HGNC:19687,4
PFKL,HGNC:8876,4
CROCC,HGNC:21299,4
CAMSAP2,HGNC:29188,4
FOXK2,HGNC:6036,4
KLC2,HGNC:20716,4
NCAPD2,HGNC:24305,4
GRK1,HGNC:10013,4
LTK,HGNC:6721,4
SELP,HGNC:10721,4
TBX21,HGNC:11599,4
CD22,HGNC:1643,4
SPRY3,HGNC:11271,3
SART3,HGNC:16860,2
BANK1,HGNC:18233,2
UTP4,HGNC:1983,2
RXFP2,HGNC:17318,2
AANAT,HGNC:19,2
P2RX1,HGNC:8533,2
PYY,HGNC:9748,2
POF1B,HGNC:13711,2
KLKB1,HGNC:6371,2
PIGR,HGNC:8968,2
ABCD3,HGNC:67,2
PRPH,HGNC:9461,2
MSR1,HGNC:7376,2
LHB,HGNC:6584,2
FCGR3A,HGNC:3619,2
HOXD4,HGNC:5138,2
GLO1,HGNC:4323,2
SLC2A4,HGNC:11009,2
H6PD,HGNC:4795,2
FUT6,HGNC:4017,2
ESR1,HGNC:3467,2
CREB1,HGNC:2345,2
RPL10,HGNC:10298,2
CFAP57,HGNC:26485,2
CCS,HGNC:1613,2
COL14A1,HGNC:2191,2
GRIA1,HGNC:4571,2
HOPX,HGNC:24961,2
HSF2,HGNC:5225,2
EXOC8,HGNC:24659,2
SMAD1,HGNC:6767,2
SLC13A2,HGNC:10917,2
CLDN2,HGNC:2041,2
PDZK1,HGNC:8821,2
AK7,HGNC:20091,2
CTSH,HGNC:2535,2
KRT8,HGNC:6446,2
NXF5,HGNC:8075,2
TRAPPC5,HGNC:23067,2
GMPR2,HGNC:4377,2
LIN28B,HGNC:32207,2
OR10K2,HGNC:14826,2
OR4D11,HGNC:15174,2
OR9I1,HGNC:14718,2
ATP6V1C2,HGNC:18264,2
PAQR3,HGNC:30130,2
TOM1L2,HGNC:11984,2
ZNF112,HGNC:12892,2
NTNG1,HGNC:23319,2
ARHGEF18,HGNC:17090,2
FAM53C,HGNC:1336,2
GCLM,HGNC:4312,2
TK1,HGNC:11830,2
TRAPPC10,HGNC:11868,2
ZFP37,HGNC:12863,2
RAE1,HGNC:9828,2
TNFRSF14,HGNC:11912,2
ABCC5,HGNC:56,2
ST3GAL2,HGNC:10863,2
RNF113A,HGNC:12974,2
SP140,HGNC:17133,2
OR1N1,HGNC:8221,2
MYLPF,HGNC:29824,2
FXYD5,HGNC:4029,2
MDN1,HGNC:18302,2
MTFR1,HGNC:29510,2
ZHX3,HGNC:15935,2
COBL,HGNC:22199,2
WWC1,HGNC:29435,2
DPCD,HGNC:24542,2
MYH4,HGNC:7574,2
MTMR8,HGNC:16825,2
PRPF38B,HGNC:25512,2
ADAP2,HGNC:16487,2
ARRDC3,HGNC:29263,2
RELCH,HGNC:29289,2
ZNF606,HGNC:25879,2
TRIM8,HGNC:15579,2
METTL25,HGNC:26228,2
L3MBTL3,HGNC:23035,2
GBP5,HGNC:19895,2
NIBAN1,HGNC:16784,2
VIT,HGNC:12697,2
GPR101,HGNC:14963,2
C20orf141,HGNC:16134,2
FAM114A1,HGNC:25087,2
DGKD,HGNC:2851,2
ADGRF4,HGNC:19011,2
TDRD5,HGNC:20614,2
XIRP1,HGNC:14301,2
CCDC84,HGNC:30460,2
KIRREL2,HGNC:18816,2
ANKRD13D,HGNC:27880,2
RFX4,HGNC:9985,2
TMTC4,HGNC:25904,2
GK,HGNC:4289,2
GSPT2,HGNC:4622,2
HCN3,HGNC:19183,2
ZCCHC12,HGNC:27273,2
CYP4F3,HGNC:2646,2
SPANXN4,HGNC:33177,2
SET,HGNC:10760,2
SYN3,HGNC:11496,2
NRCAM,HGNC:7994,2
STAT6,HGNC:11368,2
TNFRSF10A,HGNC:11904,2
SRC,HGNC:11283,2
HNRNPM,HGNC:5046,2
ITSN2,HGNC:6184,2
DMBT1,HGNC:2926,2
WDR6,HGNC:12758,2
NUP133,HGNC:18016,2
WDR44,HGNC:30512,2
SH3KBP1,HGNC:13867,2
KRT82,HGNC:6459,2
KRT39,HGNC:32971,2
ITGB1BP2,HGNC:6154,2
ABCC1,HGNC:51,2
SPOCK1,HGNC:11251,2
CSNK1G1,HGNC:2454,2
DHX38,HGNC:17211,2
FDX2,HGNC:30546,2
LBP,HGNC:6517,2
RBSN,HGNC:20759,2
RBP1,HGNC:9919,2
KISS1,HGNC:6341,2
SPAG17,HGNC:26620,2
INSL6,HGNC:6089,2
GNRH1,HGNC:4419,2
SLC19A1,HGNC:10937,2
SHMT1,HGNC:10850,2
PRC1,HGNC:9341,2
KYNU,HGNC:6469,2
NDRG4,HGNC:14466,2
OLFML3,HGNC:24956,2
ATP1A1,HGNC:799,2
S100A3,HGNC:10493,2
INTS3,HGNC:26153,2
THBS3,HGNC:11787,2
OR6K2,HGNC:15029,2
PYHIN1,HGNC:28894,2
CADM3,HGNC:17601,2
CD244,HGNC:18171,2
NECAP2,HGNC:25528,2
KLHL20,HGNC:25056,2
SHCBP1L,HGNC:16788,2
CTSE,HGNC:2530,2
EIF4G3,HGNC:3298,2
RPS6KC1,HGNC:10439,2
URB2,HGNC:28967,2
ZP4,HGNC:15770,2
OR14A16,HGNC:15022,2
OR2T1,HGNC:8277,2
CSMD2,HGNC:19290,2
BEND5,HGNC:25668,2
PODN,HGNC:23174,2
KCNF1,HGNC:6246,2
ITGB6,HGNC:6161,2
B3GALT1,HGNC:916,2
OLA1,HGNC:28833,2
C2CD6,HGNC:14438,2
CFAP65,HGNC:25325,2
GPR55,HGNC:4511,2
BABAM2,HGNC:1106,2
ASPRV1,HGNC:26321,2
ITPRIPL1,HGNC:29371,2
DPPA4,HGNC:19200,2
NMD3,HGNC:24250,2
SKIL,HGNC:10897,2
ZMAT3,HGNC:29983,2
ABCF3,HGNC:72,2
LMLN,HGNC:15991,2
ARPP21,HGNC:16968,2
ENTPD3,HGNC:3365,2
ZNF717,HGNC:29448,2
OR5AC2,HGNC:15431,2
LARP1B,HGNC:24704,2
ABCE1,HGNC:69,2
DCHS2,HGNC:23111,2
CDKN2AIP,HGNC:24325,2
TRIML1,HGNC:26698,2
POLN,HGNC:18870,2
LRPAP1,HGNC:6701,2
GABRG1,HGNC:4086,2
SPATA18,HGNC:29579,2
TSPAN5,HGNC:17753,2
YTHDC2,HGNC:24721,2
GFRA3,HGNC:4245,2
PCDHB1,HGNC:8680,2
PLEKHG4B,HGNC:29399,2
MAML1,HGNC:13632,2
DHX29,HGNC:15815,2
ERBIN,HGNC:15842,2
HEBP2,HGNC:15716,2
PLEKHG1,HGNC:20884,2
ZNF184,HGNC:12975,2
SCUBE3,HGNC:13655,2
BNIP5,HGNC:33769,2
BICRAL,HGNC:21111,2
EXOC2,HGNC:24968,2
IBTK,HGNC:17853,2
FAXC,HGNC:20742,2
ZKSCAN1,HGNC:13101,2
COPS6,HGNC:21749,2
MUC17,HGNC:16800,2
GRM8,HGNC:4600,2
HTR5A,HGNC:5300,2
PTPRN2,HGNC:9677,2
INMT,HGNC:6069,2
PDE1C,HGNC:8776,2
RBAK,HGNC:17680,2
HEPACAM2,HGNC:27364,2
MTBP,HGNC:7417,2
PYCR3,HGNC:25846,2
RHOBTB2,HGNC:18756,2
BRF2,HGNC:17298,2
SGK3,HGNC:10812,2
INTS8,HGNC:26048,2
PTPN3,HGNC:9655,2
DPH7,HGNC:25199,2
CCDC171,HGNC:29828,2
CNTFR,HGNC:2170,2
IL33,HGNC:16028,2
MAMDC2,HGNC:23673,2
PTPRD,HGNC:9668,2
PHF2,HGNC:8920,2
PKD2L1,HGNC:9011,2
PPRC1,HGNC:30025,2
CFAP43,HGNC:26684,2
SORCS1,HGNC:16697,2
BTBD16,HGNC:26340,2
GPR26,HGNC:4481,2
ST8SIA6,HGNC:23317,2
GDF10,HGNC:4215,2
AKR1C3,HGNC:386,2
FBH1,HGNC:13620,2
FAM13C,HGNC:19371,2
ITIH5,HGNC:21449,2
PPP1R3C,HGNC:9293,2
SLC35G1,HGNC:26607,2
SORBS1,HGNC:14565,2
MUC6,HGNC:7517,2
ARHGAP20,HGNC:18357,2
USP28,HGNC:12625,2
DSCAML1,HGNC:14656,2
ABCG4,HGNC:13884,2
ACRV1,HGNC:127,2
ANO9,HGNC:20679,2
OR4C12,HGNC:15168,2
OR5L1,HGNC:8350,2
OR8K3,HGNC:15313,2
OR1S2,HGNC:15141,2
MYRF,HGNC:1181,2
TAS2R20,HGNC:19109,2
RERGL,HGNC:26213,2
ING4,HGNC:19423,2
CAND1,HGNC:30688,2
C3AR1,HGNC:1319,2
NTN4,HGNC:13658,2
MYO16,HGNC:29822,2
SLC46A3,HGNC:27501,2
TRPC4,HGNC:12336,2
ENOX1,HGNC:25474,2
SLC25A47,HGNC:20115,2
OXA1L,HGNC:8526,2
NEDD8-MDP1,HGNC:39551,2
PRKD1,HGNC:9407,2
RPL10L,HGNC:17976,2
PIGH,HGNC:8964,2
SLC8A3,HGNC:11070,2
PCNX1,HGNC:19740,2
NEK9,HGNC:18591,2
PTPN21,HGNC:9651,2
UNC79,HGNC:19966,2
HHIPL1,HGNC:19710,2
TMCO5A,HGNC:28558,2
DIS3L,HGNC:28698,2
LMAN1L,HGNC:6632,2
ZSCAN2,HGNC:20994,2
CRTC3,HGNC:26148,2
SV2B,HGNC:16874,2
DNAH3,HGNC:2949,2
PRSS22,HGNC:14368,2
ZNF48,HGNC:13114,2
ITGAD,HGNC:6146,2
NETO2,HGNC:14644,2
LONP2,HGNC:20598,2
PDP2,HGNC:30263,2
TSNAXIP1,HGNC:18586,2
SF3B3,HGNC:10770,2
ADAT1,HGNC:228,2
RPUSD1,HGNC:14173,2
MYOCD,HGNC:16067,2
ZNF287,HGNC:13502,2
ULK2,HGNC:13480,2
RAB11FIP4,HGNC:30267,2
ASIC2,HGNC:99,2
MED1,HGNC:9234,2
KRT33A,HGNC:6450,2
HLF,HGNC:4977,2
TEX14,HGNC:11737,2
LRRC37A3,HGNC:32427,2
TMEM94,HGNC:28983,2
ENPP7,HGNC:23764,2
STX8,HGNC:11443,2
ELOA2,HGNC:30771,2
SERPINB4,HGNC:10570,2
ZNF136,HGNC:12920,2
NWD1,HGNC:27619,2
PGPEP1,HGNC:13568,2
ZNF431,HGNC:20809,2
ZNF100,HGNC:12880,2
TSHZ3,HGNC:30700,2
USF2,HGNC:12594,2
GAPDHS,HGNC:24864,2
PAK4,HGNC:16059,2
HIPK4,HGNC:19007,2
IRGQ,HGNC:24868,2
ZNF224,HGNC:13017,2
GRWD1,HGNC:21270,2
PLEKHA4,HGNC:14339,2
ZNF534,HGNC:26337,2
KIR3DL1,HGNC:6338,2
SAFB2,HGNC:21605,2
ZNF304,HGNC:13505,2
ZNF772,HGNC:33106,2
ZNF419,HGNC:20648,2
ZNF776,HGNC:26765,2
OR2Z1,HGNC:15391,2
ZNF560,HGNC:26484,2
FAM83C,HGNC:16121,2
KIAA1755,HGNC:29372,2
RIPOR3,HGNC:16168,2
CHGB,HGNC:1930,2
ADRM1,HGNC:15759,2
SLC2A4RG,HGNC:15930,2
CHAF1B,HGNC:1911,2
TMPRSS2,HGNC:11876,2
HIRA,HGNC:4916,2
ZDHHC8,HGNC:18474,2
DGCR6L,HGNC:18551,2
CABIN1,HGNC:24187,2
KCNJ4,HGNC:6265,2
CBY1,HGNC:1307,2
CBX7,HGNC:1557,2
EFCAB6,HGNC:24204,2
PPP6R2,HGNC:19253,2
WWC3,HGNC:29237,2
CAPN6,HGNC:1483,2
HTR2C,HGNC:5295,2
MAMLD1,HGNC:2568,2
GPR82,HGNC:4533,2
DGAT2L6,HGNC:23250,2
CYSLTR1,HGNC:17451,2
TMX3,HGNC:24718,2
SPOP,HGNC:11254,2
RHBDD2,HGNC:23082,2
GPATCH8,HGNC:29066,2
ASCL1,HGNC:738,2
ACAD11,HGNC:30211,2
EFHC2,HGNC:26233,2
TCF21,HGNC:11632,2
KCNH7,HGNC:18863,2
FZD5,HGNC:4043,2
WNT11,HGNC:12776,2
LRP10,HGNC:14553,2
PNPLA8,HGNC:28900,2
ZHX2,HGNC:18513,2
GFRA1,HGNC:4243,2
CNTN5,HGNC:2175,2
NTF3,HGNC:8023,2
ATG16L1,HGNC:21498,2
RNF31,HGNC:16031,2
FLT1,HGNC:3763,2
SIRT6,HGNC:14934,2
RNF170,HGNC:25358,2
NHSL2,HGNC:33737,2
SV2A,HGNC:20566,2
RPS20,HGNC:10405,2
METTL1,HGNC:7030,2
FAM47A,HGNC:29962,2
CFAP47,HGNC:26708,2
SLC38A5,HGNC:18070,2
NAP1L2,HGNC:7638,2
PNPLA4,HGNC:24887,2
STX3,HGNC:11438,2
ELOVL5,HGNC:21308,2
MPC1,HGNC:21606,2
COX14,HGNC:28216,2
ATP5F1E,HGNC:838,2
PPP2R5B,HGNC:9310,2
PARL,HGNC:18253,2
SLC9A2,HGNC:11072,2
ACPP,HGNC:125,2
PCF11,HGNC:30097,2
PTPN22,HGNC:9652,2
KCNAB2,HGNC:6229,2
GPR39,HGNC:4496,2
ITGA4,HGNC:6140,2
MUC4,HGNC:7514,2
MFF,HGNC:24858,2
UGT1A9,HGNC:12541,2
EXOC6B,HGNC:17085,2
DOK1,HGNC:2990,2
MBD4,HGNC:6919,2
CNTN6,HGNC:2176,2
CDX1,HGNC:1805,2
CAMK2A,HGNC:1460,2
MSH3,HGNC:7326,2
AFDN,HGNC:7137,2
PPT2,HGNC:9326,2
FIGNL1,HGNC:13286,2
PTCD1,HGNC:22198,2
MRRF,HGNC:7234,2
HACD1,HGNC:9639,2
ETS1,HGNC:3488,2
ST5,HGNC:11350,2
EXOSC8,HGNC:17035,2
CYSLTR2,HGNC:18274,2
RIPK3,HGNC:10021,2
MTHFD1,HGNC:7432,2
ITPK1,HGNC:6177,2
FOXL1,HGNC:3817,2
MAP2K3,HGNC:6843,2
MED13,HGNC:22474,2
ADARB1,HGNC:226,2
IFT81,HGNC:14313,2
OR2W3,HGNC:15021,2
DDX60L,HGNC:26429,2
SERPINB13,HGNC:8944,2
RCC2,HGNC:30297,2
PPP2CA,HGNC:9299,2
PDK4,HGNC:8812,2
NEMF,HGNC:10663,2
DHDH,HGNC:17887,2
FAM160A2,HGNC:25378,2
BTBD11,HGNC:23844,2
E2F1,HGNC:3113,2
CD2,HGNC:1639,2
SLC30A2,HGNC:11013,2
ALDH9A1,HGNC:412,2
FBXL5,HGNC:13602,2
DDX60,HGNC:25942,2
VNN2,HGNC:12706,2
LMTK2,HGNC:17880,2
DOCK5,HGNC:23476,2
SLC25A32,HGNC:29683,2
DDX50,HGNC:17906,2
GRID1,HGNC:4575,2
UVRAG,HGNC:12640,2
TAOK3,HGNC:18133,2
KNTC1,HGNC:17255,2
EPSTI1,HGNC:16465,2
SGSM2,HGNC:29026,2
MYO18A,HGNC:31104,2
RAPGEFL1,HGNC:17428,2
RUNDC1,HGNC:25418,2
C17orf80,HGNC:29601,2
ANKRD12,HGNC:29135,2
ASNA1,HGNC:752,2
SIGLEC6,HGNC:10875,2
UMODL1,HGNC:12560,2
OIT3,HGNC:29953,2
LCOR,HGNC:29503,2
PDE3A,HGNC:8778,2
ARHGEF40,HGNC:25516,2
CHIC1,HGNC:1934,2
AHRR,HGNC:346,2
SMARCC2,HGNC:11105,2
SIPA1L3,HGNC:23801,2
CCDC180,HGNC:29303,2
SYT6,HGNC:18638,2
YEATS2,HGNC:25489,2
PHF24,HGNC:29180,2
CNNM1,HGNC:102,2
MICAL2,HGNC:24693,2
KDM4E,HGNC:37098,2
TSPAN8,HGNC:11855,2
CORO6,HGNC:21356,2
CPAMD8,HGNC:23228,2
ZNF420,HGNC:20649,2
KRTAP10-3,HGNC:22968,2
CCDC71L,HGNC:26685,2
CREB3,HGNC:2347,2
ALOX5,HGNC:435,2
PML,HGNC:9113,2
RRP1,HGNC:18785,2
RNF212,HGNC:27729,2
CPXM2,HGNC:26977,2
NTS,HGNC:8038,2
AMFR,HGNC:463,2
NCOR1,HGNC:7672,2
PIK3R3,HGNC:8981,2
ANKRD30A,HGNC:17234,2
SEC14L1,HGNC:10698,2
SLC35A5,HGNC:20792,2
TMED9,HGNC:24878,2
SP4,HGNC:11209,2
RAPGEF1,HGNC:4568,2
VMP1,HGNC:29559,2
AMZ2,HGNC:28041,2
DAZAP1,HGNC:2683,2
NLRP5,HGNC:21269,2
DGAT2,HGNC:16940,2
SYNJ2,HGNC:11504,2
RUFY3,HGNC:30285,2
CTR9,HGNC:16850,2
RPH3A,HGNC:17056,2
GEN1,HGNC:26881,2
XPO5,HGNC:17675,2
MTIF2,HGNC:7441,2
BTG2,HGNC:1131,2
GJB4,HGNC:4286,2
IRS1,HGNC:6125,2
GCKR,HGNC:4196,2
KNG1,HGNC:6383,2
HP,HGNC:5141,2
SKP1,HGNC:10899,2
PROB1,HGNC:41906,2
IL17B,HGNC:5982,2
HKDC1,HGNC:23302,2
CYP3A4,HGNC:2637,2
CEMIP2,HGNC:11869,2
CARMIL2,HGNC:27089,2
SMPX,HGNC:11122,2
RPL26,HGNC:10327,2
PANX1,HGNC:8599,2
DTHD1,HGNC:37261,2
DMRT1,HGNC:2934,2
PER3,HGNC:8847,2
SMPD4,HGNC:32949,2
MR1,HGNC:4975,2
NPL,HGNC:16781,2
NAV1,HGNC:15989,2
GRB14,HGNC:4565,2
MAP2,HGNC:6839,2
C2orf42,HGNC:26056,2
TM4SF19,HGNC:25167,2
UCHL1,HGNC:12513,2
SLC22A4,HGNC:10968,2
SPDL1,HGNC:26010,2
PDZD2,HGNC:18486,2
ZNF292,HGNC:18410,2
GTF2IRD2,HGNC:30775,2
SOX7,HGNC:18196,2
ENTPD7,HGNC:19745,2
GRM5,HGNC:4597,2
ZCCHC8,HGNC:25265,2
CHRNA7,HGNC:1960,2
PKM,HGNC:9021,2
DNASE1,HGNC:2956,2
GAS2L2,HGNC:24846,2
AQP4,HGNC:637,2
CYB5A,HGNC:2570,2
SPTBN4,HGNC:14896,2
BCL3,HGNC:998,2
CARD8,HGNC:17057,2
NUP62,HGNC:8066,2
FIZ1,HGNC:25917,2
DENND1C,HGNC:26225,2
CACNA1I,HGNC:1396,2
CYB5R3,HGNC:2873,2
CNGA2,HGNC:2149,2
MAP3K15,HGNC:31689,2
USP27X,HGNC:13486,2
NPIPA5,HGNC:41980,2
ZNF787,HGNC:26998,2
INTS6L,HGNC:27334,2
RIC3,HGNC:30338,2
LRRK1,HGNC:18608,2
ADIPOR1,HGNC:24040,2
DRD4,HGNC:3025,2
STXBP5L,HGNC:30757,2
IQGAP1,HGNC:6110,2
FNBP4,HGNC:19752,2
PLAT,HGNC:9051,2
NAV2,HGNC:15997,2
NRP2,HGNC:8005,2
PGRMC2,HGNC:16089,2
CLUH,HGNC:29094,2
C12orf4,HGNC:1184,2
ZEB1,HGNC:11642,2
PRMT9,HGNC:25099,2
GABRP,HGNC:4089,2
SHOX2,HGNC:10854,2
RAB28,HGNC:9768,2
VKORC1,HGNC:23663,2
CNTN4,HGNC:2174,2
PTHLH,HGNC:9607,2
DNAJC3,HGNC:9439,2
GRHL3,HGNC:25839,2
MYO7B,HGNC:7607,2
CSMD1,HGNC:14026,2
AGAP3,HGNC:16923,2
STK39,HGNC:17717,2
OR12D2,HGNC:8178,2
NEIL2,HGNC:18956,2
RDH13,HGNC:19978,2
UQCRB,HGNC:12582,2
GP1BB,HGNC:4440,2
DGKE,HGNC:2852,2
SNRPB,HGNC:11153,2
SLC38A8,HGNC:32434,2
NCAN,HGNC:2465,2
TSHB,HGNC:12372,2
MSTN,HGNC:4223,2
SEC63,HGNC:21082,2
CCN6,HGNC:12771,2
F12,HGNC:3530,2
RPS10,HGNC:10383,2
MTAP,HGNC:7413,2
HBD,HGNC:4829,2
FGF9,HGNC:3687,2
SC5D,HGNC:10547,2
LYZ,HGNC:6740,2
FTH1,HGNC:3976,2
PRCD,HGNC:32528,2
APRT,HGNC:626,2
APOC2,HGNC:609,2
AURKC,HGNC:11391,2
SLC5A5,HGNC:11040,2
TIMP3,HGNC:11822,2
ZNF674,HGNC:17625,2
MAP4,HGNC:6862,2
TAX1BP3,HGNC:30684,2
DCAF8,HGNC:24891,2
CCDC28B,HGNC:28163,2
LRRTM4,HGNC:19411,2
FREM3,HGNC:25172,2
SMARCAD1,HGNC:18398,2
RIMS2,HGNC:17283,2
PTDSS1,HGNC:9587,2
GTPBP3,HGNC:14880,2
RBFOX2,HGNC:9906,2
ZBTB33,HGNC:16682,2
SASH3,HGNC:15975,2
ERCC6L,HGNC:20794,2
ZGRF1,HGNC:25654,2
KLF7,HGNC:6350,2
IRX5,HGNC:14361,2
ISL1,HGNC:6132,2
CBX2,HGNC:1552,2
ANKS3,HGNC:29422,2
PHF7,HGNC:18458,2
GABRR2,HGNC:4091,2
PRICKLE3,HGNC:6645,2
ADORA1,HGNC:262,2
TECR,HGNC:4551,2
KIAA0753,HGNC:29110,2
FBXW7,HGNC:16712,2
ADRA2B,HGNC:282,2
BCO1,HGNC:13815,2
SLC1A2,HGNC:10940,2
TNIK,HGNC:30765,2
ADD3,HGNC:245,2
VPS4A,HGNC:13488,2
IGSF3,HGNC:5950,2
ATP13A4,HGNC:25422,2
UGT8,HGNC:12555,2
VEGFC,HGNC:12682,2
ADCY1,HGNC:232,2
C1QTNF5,HGNC:14344,2
APOA5,HGNC:17288,2
POMP,HGNC:20330,2
AKAP10,HGNC:368,2
DPH1,HGNC:3003,2
MKRN3,HGNC:7114,2
SUGP1,HGNC:18643,2
SERPIND1,HGNC:4838,2
RPL9,HGNC:10369,2
VAC14,HGNC:25507,2
RGS2,HGNC:9998,2
DNAH14,HGNC:2945,2
ALS2CL,HGNC:20605,2
IL21,HGNC:6005,2
C6,HGNC:1339,2
NPC1L1,HGNC:7898,2
ZFAT,HGNC:19899,2
DNAH2,HGNC:2948,2
FAM83H,HGNC:24797,2
KCNN3,HGNC:6292,2
GFI1B,HGNC:4238,2
PLXNA3,HGNC:9101,2
DRAM2,HGNC:28769,2
NAXE,HGNC:18453,2
NECTIN4,HGNC:19688,2
CDK11A,HGNC:1730,2
CFC1,HGNC:18292,2
PON3,HGNC:9206,2
SFRP1,HGNC:10776,2
ASPN,HGNC:14872,2
ARHGAP21,HGNC:23725,2
SIAE,HGNC:18187,2
CATSPER2,HGNC:18810,2
DLG4,HGNC:2903,2
SRSF2,HGNC:10783,2
PAX1,HGNC:8615,2
KCNJ6,HGNC:6267,2
HMGB3,HGNC:5004,2
OPN1LW,HGNC:9936,2
BEND2,HGNC:28509,2
COX7B,HGNC:2291,2
RNF216,HGNC:21698,2
PPP1R1A,HGNC:9286,2
WDR48,HGNC:30914,2
MDM4,HGNC:6974,2
AKAP6,HGNC:376,2
P4HB,HGNC:8548,2
RAC3,HGNC:9803,2
TIAM1,HGNC:11805,2
PBRM1,HGNC:30064,2
CMYA5,HGNC:14305,2
PDE10A,HGNC:8772,2
TRPM7,HGNC:17994,2
SYT2,HGNC:11510,2
HOXA11,HGNC:5101,2
GTF2I,HGNC:4659,2
EGR3,HGNC:3240,2
CDKN2B,HGNC:1788,2
NLGN2,HGNC:14290,2
GSK3A,HGNC:4616,2
MARCH4,HGNC:29269,2
ARV1,HGNC:29561,2
UROD,HGNC:12591,2
CDKN1A,HGNC:1784,2
GATC,HGNC:25068,2
REEP6,HGNC:30078,2
PIBF1,HGNC:23352,2
HSPA9,HGNC:5244,2
ACTL6B,HGNC:160,2
BUB1,HGNC:1148,2
SMOC2,HGNC:20323,2
PNLIP,HGNC:9155,2
ITFG2,HGNC:30879,2
SOCS1,HGNC:19383,2
TRAPPC2,HGNC:23068,2
CIDEC,HGNC:24229,2
FYB1,HGNC:4036,2
PRKACG,HGNC:9382,2
SFXN4,HGNC:16088,2
DYRK1B,HGNC:3092,2
IGBP1,HGNC:5461,2
CEP85L,HGNC:21638,2
RHAG,HGNC:10006,2
PCGF5,HGNC:28264,2
ITPR2,HGNC:6181,2
KRT86,HGNC:6463,2
P2RX7,HGNC:8537,2
IDH3A,HGNC:5384,2
ITGAM,HGNC:6149,2
GP1BA,HGNC:4439,2
CACNG5,HGNC:1409,2
TRIM54,HGNC:16008,2
CNTN3,HGNC:2173,2
AIMP2,HGNC:20609,2
TSPYL2,HGNC:24358,2
IRAK1,HGNC:6112,2
GUF1,HGNC:25799,2
KLLN,HGNC:37212,2
ARNT2,HGNC:16876,2
MGME1,HGNC:16205,2
CCDC115,HGNC:28178,2
BIRC6,HGNC:13516,2
TXN2,HGNC:17772,2
TKT,HGNC:11834,2
GPATCH3,HGNC:25720,2
KIF26B,HGNC:25484,2
KANK4,HGNC:27263,2
DYNC2LI1,HGNC:24595,2
IFT74,HGNC:21424,2
IFT88,HGNC:20606,2
IFT52,HGNC:15901,2
YWHAZ,HGNC:12855,2
KCNA3,HGNC:6221,2
VANGL2,HGNC:15511,2
GNB1,HGNC:4396,2
ACOT7,HGNC:24157,2
GIGYF2,HGNC:11960,2
ASXL2,HGNC:23805,2
FBXO11,HGNC:13590,2
SPTBN1,HGNC:11275,2
SEC61A1,HGNC:18276,2
ZIC1,HGNC:12872,2
KLHL24,HGNC:25947,2
HRG,HGNC:5181,2
FGF12,HGNC:3668,2
RPSA,HGNC:6502,2
BOD1L1,HGNC:31792,2
HMX1,HGNC:5017,2
NNT,HGNC:7863,2
CD164,HGNC:1632,2
CDSN,HGNC:1802,2
KCNK9,HGNC:6283,2
SLC39A14,HGNC:20858,2
PMPCA,HGNC:18667,2
RPS24,HGNC:10411,2
ST14,HGNC:11344,2
MYOD1,HGNC:7611,2
FIBP,HGNC:3705,2
PDE6H,HGNC:8790,2
CCND2,HGNC:1583,2
SDR9C7,HGNC:29958,2
SEMA6D,HGNC:16770,2
GNB5,HGNC:4401,2
RPS17,HGNC:10397,2
MPO,HGNC:7218,2
DSEL,HGNC:18144,2
CCDC8,HGNC:25367,2
SAFB,HGNC:10520,2
FOXA2,HGNC:5022,2
CCNQ,HGNC:28434,2
TMLHE,HGNC:18308,2
PRKCE,HGNC:9401,2
SLIT3,HGNC:11087,2
CRYGS,HGNC:2417,2
REEP2,HGNC:17975,2
ERLIN1,HGNC:16947,2
PITX3,HGNC:9006,2
ZMIZ1,HGNC:16493,2
FNIP1,HGNC:29418,2
WWP1,HGNC:17004,2
SETD9,HGNC:28508,2
BANP,HGNC:13450,2
SUV39H1,HGNC:11479,2
TASOR,HGNC:30314,2
PATZ1,HGNC:13071,2
KREMEN2,HGNC:18797,2
VBP1,HGNC:12662,2
ARHGAP32,HGNC:17399,2
OTUD5,HGNC:25402,2
KLHL21,HGNC:29041,2
LATS1,HGNC:6514,2
MAP4K3,HGNC:6865,2
LETM1,HGNC:6556,2
ADGRA2,HGNC:17849,2
SLC39A11,HGNC:14463,2
TPR,HGNC:12017,2
PI3,HGNC:8947,2
ATP6V1E1,HGNC:857,2
SRY,HGNC:11311,2
TTLL5,HGNC:19963,2
APBA2,HGNC:579,2
CYBC1,HGNC:28672,2
CELF4,HGNC:14015,2
UBR3,HGNC:30467,2
TOP2B,HGNC:11990,2
EIF4G1,HGNC:3296,2
QRFPR,HGNC:15565,2
ARSK,HGNC:25239,2
CUX1,HGNC:2557,2
DACH2,HGNC:16814,2
RNF128,HGNC:21153,2
PARP1,HGNC:270,2
TUBB,HGNC:20778,2
CHM,HGNC:1940,2
MEOX1,HGNC:7013,2
TGFB1,HGNC:11766,2
FAM205A,HGNC:41911,2
FBXL6,HGNC:13603,2
NUP93,HGNC:28958,2
OSBPL2,HGNC:15761,2
FZD6,HGNC:4044,2
PSMC3IP,HGNC:17928,2
SEC24D,HGNC:10706,2
TBC1D7,HGNC:21066,2
LRRC4,HGNC:15586,2
FBXO31,HGNC:16510,2
CCDC88A,HGNC:25523,2
KRT81,HGNC:6458,2
SLURP1,HGNC:18746,2
EPHA5,HGNC:3389,2
AIMP1,HGNC:10648,2
ZFHX4,HGNC:30939,2
UNC5B,HGNC:12568,2
HIST1H1E,HGNC:4718,2
TMTC3,HGNC:26899,2
SPATA5L1,HGNC:28762,2
GNAI1,HGNC:4384,2
OS9,HGNC:16994,2
SLC29A4,HGNC:23097,2
BRD4,HGNC:13575,2
TIMM8A,HGNC:11817,2
ABL2,HGNC:77,2
FBXO28,HGNC:29046,2
CDC7,HGNC:1745,2
POU3F3,HGNC:9216,2
RHOA,HGNC:667,2
EDNRA,HGNC:3179,2
MSMO1,HGNC:10545,2
KCNN2,HGNC:6291,2
BASP1,HGNC:957,2
MARCKS,HGNC:6759,2
HDAC2,HGNC:4853,2
PPP2R5D,HGNC:9312,2
DOCK1,HGNC:2987,2
RALGAPA1,HGNC:17770,2
MAP1A,HGNC:6835,2
THOC6,HGNC:28369,2
UNC45B,HGNC:14304,2
SPNS2,HGNC:26992,2
PPM1D,HGNC:9277,2
TBX2,HGNC:11597,2
NACC1,HGNC:20967,2
ADGRL1,HGNC:20973,2
INSL3,HGNC:6086,2
AKT2,HGNC:392,2
SMG9,HGNC:25763,2
GRIN2D,HGNC:4588,2
OLIG2,HGNC:9398,2
AMELX,HGNC:461,2
SMARCA1,HGNC:11097,2
GPC4,HGNC:4452,2
STS,HGNC:11425,2
SAR1B,HGNC:10535,2
EFL1,HGNC:25789,2
GPR37L1,HGNC:14923,2
TUBB8,HGNC:20773,2
NCOR2,HGNC:7673,2
EVI5,HGNC:3501,2
UBA5,HGNC:23230,2
SPI1,HGNC:11241,2
MTHFS,HGNC:7437,2
PHTF1,HGNC:8939,2
FRZB,HGNC:3959,2
LAMP3,HGNC:14582,2
IRF2,HGNC:6117,2
ABCG2,HGNC:74,2
RERG,HGNC:15980,2
THBS1,HGNC:11785,2
ARHGDIA,HGNC:678,2
PNCK,HGNC:13415,2
WAPL,HGNC:23293,2
CDK11B,HGNC:1729,2
TUBGCP5,HGNC:18600,2
CPLX1,HGNC:2309,2
UBQLN1,HGNC:12508,2
BOC,HGNC:17173,2
FAM111A,HGNC:24725,2
CXCR4,HGNC:2561,2
B2M,HGNC:914,2
DSCAM,HGNC:3039,2
PPP3CC,HGNC:9316,2
DAB2IP,HGNC:17294,2
PAK6,HGNC:16061,2
NFATC3,HGNC:7777,2
PTK6,HGNC:9617,2
ATAD1,HGNC:25903,2
ACTL6A,HGNC:24124,2
RAI2,HGNC:9835,2
KAT2B,HGNC:8638,2
XPR1,HGNC:12827,2
MCM2,HGNC:6944,2
TUBB1,HGNC:16257,2
CHI3L2,HGNC:1933,2
DNM3,HGNC:29125,2
IGFN1,HGNC:24607,2
MYRFL,HGNC:26316,2
SNW1,HGNC:16696,2
PPP1R9B,HGNC:9298,2
ZNF229,HGNC:13022,2
MAMSTR,HGNC:26689,2
CXCR2,HGNC:6027,2
VIL1,HGNC:12690,2
COL6A5,HGNC:26674,2
WDR1,HGNC:12754,2
ITPR3,HGNC:6182,2
HIP1,HGNC:4913,2
MDH2,HGNC:6971,2
HNRNPCL1,HGNC:29295,2
PTX3,HGNC:9692,2
P3H2,HGNC:19317,2
DOCK3,HGNC:2989,2
GPR15,HGNC:4469,2
SLC9A3,HGNC:11073,2
LYRM4,HGNC:21365,2
HDAC9,HGNC:14065,2
MARK2,HGNC:3332,2
ATP2C2,HGNC:29103,2
ARMC9,HGNC:20730,2
IFT57,HGNC:17367,2
ACAT2,HGNC:94,2
PLA2G7,HGNC:9040,2
MPLKIP,HGNC:16002,2
PPP1R3B,HGNC:14942,2
BBIP1,HGNC:28093,2
NLRP6,HGNC:22944,2
CLCF1,HGNC:17412,2
NDN,HGNC:7675,2
JPH3,HGNC:14203,2
XRCC1,HGNC:12828,2
TMEM17,HGNC:26623,2
PLIN1,HGNC:9076,2
ACP2,HGNC:123,2
ABCD2,HGNC:66,2
COA6,HGNC:18025,2
COA5,HGNC:33848,2
RTKN2,HGNC:19364,2
MMP1,HGNC:7155,2
ATG5,HGNC:589,2
MYADML2,HGNC:34548,2
REST,HGNC:9966,2
SBNO2,HGNC:29158,2
UBE2H,HGNC:12484,2
ZNF668,HGNC:25821,2
NFIB,HGNC:7785,2
RNPC3,HGNC:18666,2
PRKCZ,HGNC:9412,2
DNAH7,HGNC:18661,2
MOB1A,HGNC:16015,2
MED12L,HGNC:16050,2
NAA15,HGNC:30782,2
SLC12A2,HGNC:10911,2
TRERF1,HGNC:18273,2
ARCN1,HGNC:649,2
ATP6V0A1,HGNC:865,2
PRR12,HGNC:29217,2
TOX2,HGNC:16095,2
TAF4,HGNC:11537,2
ARVCF,HGNC:728,2
TENM1,HGNC:8117,2
SRPK3,HGNC:11402,2
ARSD,HGNC:717,2
NRDC,HGNC:7995,2
ROBO4,HGNC:17985,2
EPHX1,HGNC:3401,2
PIGB,HGNC:8959,2
ACOX2,HGNC:120,2
HIC2,HGNC:18595,2
PIH1D3,HGNC:28570,2
COG2,HGNC:6546,2
RPL35A,HGNC:10345,2
PPM1K,HGNC:25415,2
EED,HGNC:3188,2
POFUT1,HGNC:14988,2
PRELP,HGNC:9357,2
MYO9A,HGNC:7608,2
LOR,HGNC:6663,2
PRRX1,HGNC:9142,2
TTC4,HGNC:12394,2
FMNL2,HGNC:18267,2
ITGB5,HGNC:6160,2
SLC7A14,HGNC:29326,2
TRAIP,HGNC:30764,2
PCDH12,HGNC:8657,2
F2RL2,HGNC:3539,2
FRMD1,HGNC:21240,2
IRF4,HGNC:6119,2
SENP6,HGNC:20944,2
ENPP2,HGNC:3357,2
ANXA1,HGNC:533,2
SEMA4D,HGNC:10732,2
ALDH2,HGNC:404,2
DIS3,HGNC:20604,2
MOK,HGNC:9833,2
SLC38A6,HGNC:19863,2
ALOX15,HGNC:433,2
ABCC3,HGNC:54,2
ALOX15B,HGNC:434,2
NR1H2,HGNC:7965,2
SLC17A9,HGNC:16192,2
RMI1,HGNC:25764,2
MSTO1,HGNC:29678,2
NUP85,HGNC:8734,2
NUP160,HGNC:18017,2
PLS1,HGNC:9090,2
TMCO1,HGNC:18188,2
DDX59,HGNC:25360,2
C1QA,HGNC:1241,2
PTPRO,HGNC:9678,2
TRMT5,HGNC:23141,2
FGF20,HGNC:3677,2
IFT27,HGNC:18626,2
MUC1,HGNC:7508,2
YAP1,HGNC:16262,2
DNASE1L3,HGNC:2959,2
HOXA13,HGNC:5102,2
PUF60,HGNC:17042,2
HES7,HGNC:15977,2
XRCC4,HGNC:12831,2
TXNL4A,HGNC:30551,2
PRUNE1,HGNC:13420,2
SLC36A2,HGNC:18762,2
GCGR,HGNC:4192,2
SLC7A2,HGNC:11060,2
NDUFA8,HGNC:7692,2
P4HA2,HGNC:8547,2
VCX3A,HGNC:18159,2
SESN3,HGNC:23060,2
AXIN1,HGNC:903,2
GPD1,HGNC:4455,2
INTS1,HGNC:24555,2
NEIL1,HGNC:18448,2
TBC1D23,HGNC:25622,2
NANS,HGNC:19237,2
TRPM2,HGNC:12339,2
TEX22,HGNC:40026,2
GPS1,HGNC:4549,2
GUCY2F,HGNC:4691,2
SPARC,HGNC:11219,2
KLB,HGNC:15527,2
EPB41L4A,HGNC:13278,2
ITGA3,HGNC:6139,2
RUSC2,HGNC:23625,2
RALGDS,HGNC:9842,2
TBC1D1,HGNC:11578,2
TRH,HGNC:12298,2
USP7,HGNC:12630,2
AP1B1,HGNC:554,2
VPS13C,HGNC:23594,2
DMC1,HGNC:2927,2
MROH6,HGNC:27814,2
CYHR1,HGNC:17806,2
CEP55,HGNC:1161,2
DENND4B,HGNC:29044,2
PTPRU,HGNC:9683,2
ROS1,HGNC:10261,2
FBRS,HGNC:20442,2
DNAH17,HGNC:2946,2
SRPX,HGNC:11309,2
CCDC120,HGNC:28910,2
ITIH6,HGNC:28907,2
P4HA1,HGNC:8546,2
HTR2B,HGNC:5294,2
UGT1A6,HGNC:12538,2
GCLC,HGNC:4311,2
NT5C3A,HGNC:17820,2
LRRC8A,HGNC:19027,2
TPI1,HGNC:12009,2
GP6,HGNC:14388,2
KIF6,HGNC:21202,2
ESRRG,HGNC:3474,2
MCM9,HGNC:21484,2
TTC16,HGNC:26536,2
DDI1,HGNC:18961,2
SSH1,HGNC:30579,2
AMHR2,HGNC:465,2
CKB,HGNC:1991,2
REC8,HGNC:16879,2
NTRK3,HGNC:8033,2
CENPI,HGNC:3968,2
PAXBP1,HGNC:13579,2
ZNF778,HGNC:26479,2
DACT3,HGNC:30745,2
BET1,HGNC:14562,2
SFTPA2,HGNC:10799,2
TSEN15,HGNC:16791,2
VWA3B,HGNC:28385,2
HNRNPD,HGNC:5036,2
STXBP5,HGNC:19665,2
CHCHD2,HGNC:21645,2
CYP51A1,HGNC:2649,2
ADHFE1,HGNC:16354,2
ZFC3H1,HGNC:28328,2
ZMYM2,HGNC:12989,2
SRP54,HGNC:11301,2
TP53RK,HGNC:16197,2
GLRA4,HGNC:31715,2
ARHGAP36,HGNC:26388,2
ISLR2,HGNC:29286,2
CFHR4,HGNC:16979,2
C1QC,HGNC:1245,2
C1QB,HGNC:1242,2
CXCR1,HGNC:6026,2
CCR2,HGNC:1603,2
C8G,HGNC:1354,2
TNFRSF17,HGNC:11913,2
CD4,HGNC:1678,2
IL4R,HGNC:6015,2
USB1,HGNC:25792,2
CD209,HGNC:1641,2
CFD,HGNC:2771,2
NBPF1,HGNC:26088,1
KCNJ18,HGNC:39080,1
